"LOCATION","INDICATOR","SUBJECT","MEASURE","FREQUENCY","TIME","Value","Flag Codes"
"AUS","EDUEXP","TRY","PC_GDP","A","2000",1.49399,
"AUS","EDUEXP","TRY","PC_GDP","A","2005",1.518732,
"AUS","EDUEXP","TRY","PC_GDP","A","2008",1.534757,
"AUS","EDUEXP","TRY","PC_GDP","A","2009",1.618849,
"AUS","EDUEXP","TRY","PC_GDP","A","2010",1.676203,
"AUS","EDUEXP","TRY","PC_GDP","A","2011",1.629829,
"AUS","EDUEXP","TRY","PC_GDP","A","2012",1.600574,
"AUS","EDUEXP","TRY","PC_GDP","A","2013",1.69176,
"AUS","EDUEXP","TRY","PC_GDP","A","2014",1.850703,
"AUS","EDUEXP","TRY","PC_GDP","A","2015",2.034002,
"AUS","EDUEXP","TRY","PC_GDP","A","2016",1.913916,
"AUS","EDUEXP","TRY","PC_GDP","A","2017",2.01614,
"AUS","EDUEXP","TRY","PC_GDP","A","2018",1.887302,
"AUS","EDUEXP","TRY","PC_GDP","A","2019",1.922114,
"AUS","EDUEXP","PRY_NTRY","PC_GDP","A","2000",3.757522,
"AUS","EDUEXP","PRY_NTRY","PC_GDP","A","2005",3.864495,
"AUS","EDUEXP","PRY_NTRY","PC_GDP","A","2008",3.843722,
"AUS","EDUEXP","PRY_NTRY","PC_GDP","A","2009",4.234885,
"AUS","EDUEXP","PRY_NTRY","PC_GDP","A","2010",4.475953,
"AUS","EDUEXP","PRY_NTRY","PC_GDP","A","2011",4.175714,
"AUS","EDUEXP","PRY_NTRY","PC_GDP","A","2012",3.999711,
"AUS","EDUEXP","PRY_NTRY","PC_GDP","A","2013",3.9781,
"AUS","EDUEXP","PRY_NTRY","PC_GDP","A","2014",3.943228,
"AUS","EDUEXP","PRY_NTRY","PC_GDP","A","2015",3.920843,
"AUS","EDUEXP","PRY_NTRY","PC_GDP","A","2016",3.929211,
"AUS","EDUEXP","PRY_NTRY","PC_GDP","A","2017",3.978279,
"AUS","EDUEXP","PRY_NTRY","PC_GDP","A","2018",4.035237,
"AUS","EDUEXP","PRY_NTRY","PC_GDP","A","2019",4.149327,
"AUT","EDUEXP","TRY","PC_GDP","A","2012",1.746382,
"AUT","EDUEXP","TRY","PC_GDP","A","2013",1.738683,
"AUT","EDUEXP","TRY","PC_GDP","A","2014",1.709761,
"AUT","EDUEXP","TRY","PC_GDP","A","2015",1.742671,
"AUT","EDUEXP","TRY","PC_GDP","A","2016",1.743497,
"AUT","EDUEXP","TRY","PC_GDP","A","2017",1.713224,
"AUT","EDUEXP","TRY","PC_GDP","A","2018",1.73456,
"AUT","EDUEXP","TRY","PC_GDP","A","2019",1.748262,
"AUT","EDUEXP","PRY_NTRY","PC_GDP","A","2012",3.123541,
"AUT","EDUEXP","PRY_NTRY","PC_GDP","A","2013",3.204516,
"AUT","EDUEXP","PRY_NTRY","PC_GDP","A","2014",3.121199,
"AUT","EDUEXP","PRY_NTRY","PC_GDP","A","2015",3.123964,
"AUT","EDUEXP","PRY_NTRY","PC_GDP","A","2016",3.130986,
"AUT","EDUEXP","PRY_NTRY","PC_GDP","A","2017",3.071285,
"AUT","EDUEXP","PRY_NTRY","PC_GDP","A","2018",2.955446,
"AUT","EDUEXP","PRY_NTRY","PC_GDP","A","2019",2.926971,
"BEL","EDUEXP","TRY","PC_GDP","A","2005",1.228067,
"BEL","EDUEXP","TRY","PC_GDP","A","2008",1.283522,
"BEL","EDUEXP","TRY","PC_GDP","A","2009",1.395073,
"BEL","EDUEXP","TRY","PC_GDP","A","2010",1.377676,
"BEL","EDUEXP","TRY","PC_GDP","A","2011",1.388649,
"BEL","EDUEXP","TRY","PC_GDP","A","2012",1.469696,
"BEL","EDUEXP","TRY","PC_GDP","A","2013",1.514544,
"BEL","EDUEXP","TRY","PC_GDP","A","2014",1.511016,
"BEL","EDUEXP","TRY","PC_GDP","A","2015",1.461527,
"BEL","EDUEXP","TRY","PC_GDP","A","2016",1.488991,
"BEL","EDUEXP","TRY","PC_GDP","A","2017",1.511137,
"BEL","EDUEXP","TRY","PC_GDP","A","2018",1.518773,
"BEL","EDUEXP","TRY","PC_GDP","A","2019",1.520486,
"BEL","EDUEXP","PRY_NTRY","PC_GDP","A","2005",4.092949,
"BEL","EDUEXP","PRY_NTRY","PC_GDP","A","2008",4.353625,
"BEL","EDUEXP","PRY_NTRY","PC_GDP","A","2009",4.359445,
"BEL","EDUEXP","PRY_NTRY","PC_GDP","A","2010",4.315599,
"BEL","EDUEXP","PRY_NTRY","PC_GDP","A","2011",4.291925,
"BEL","EDUEXP","PRY_NTRY","PC_GDP","A","2012",4.315025,
"BEL","EDUEXP","PRY_NTRY","PC_GDP","A","2013",4.323433,
"BEL","EDUEXP","PRY_NTRY","PC_GDP","A","2014",4.258106,
"BEL","EDUEXP","PRY_NTRY","PC_GDP","A","2015",4.186126,
"BEL","EDUEXP","PRY_NTRY","PC_GDP","A","2016",4.201916,
"BEL","EDUEXP","PRY_NTRY","PC_GDP","A","2017",4.168795,
"BEL","EDUEXP","PRY_NTRY","PC_GDP","A","2018",4.130217,
"BEL","EDUEXP","PRY_NTRY","PC_GDP","A","2019",4.07089,
"CAN","EDUEXP","TRY","PC_GDP","A","2000",2.440691,
"CAN","EDUEXP","TRY","PC_GDP","A","2005",2.439042,
"CAN","EDUEXP","TRY","PC_GDP","A","2008",2.43396,
"CAN","EDUEXP","TRY","PC_GDP","A","2009",2.626822,
"CAN","EDUEXP","TRY","PC_GDP","A","2010",2.761717,
"CAN","EDUEXP","TRY","PC_GDP","A","2011",2.608457,
"CAN","EDUEXP","TRY","PC_GDP","A","2012",2.250148,
"CAN","EDUEXP","TRY","PC_GDP","A","2013",2.270592,
"CAN","EDUEXP","TRY","PC_GDP","A","2014",2.244928,
"CAN","EDUEXP","TRY","PC_GDP","A","2015",2.119759,
"CAN","EDUEXP","TRY","PC_GDP","A","2016",2.346683,
"CAN","EDUEXP","TRY","PC_GDP","A","2017",2.314068,
"CAN","EDUEXP","TRY","PC_GDP","A","2018",2.326779,
"CAN","EDUEXP","TRY","PC_GDP","A","2019",2.182295,
"CAN","EDUEXP","PRY_NTRY","PC_GDP","A","2000",3.46174,
"CAN","EDUEXP","PRY_NTRY","PC_GDP","A","2005",3.45586,
"CAN","EDUEXP","PRY_NTRY","PC_GDP","A","2008",3.601051,
"CAN","EDUEXP","PRY_NTRY","PC_GDP","A","2009",3.722975,
"CAN","EDUEXP","PRY_NTRY","PC_GDP","A","2010",3.94741,
"CAN","EDUEXP","PRY_NTRY","PC_GDP","A","2011",3.750487,
"CAN","EDUEXP","PRY_NTRY","PC_GDP","A","2012",3.651462,
"CAN","EDUEXP","PRY_NTRY","PC_GDP","A","2013",3.577481,
"CAN","EDUEXP","PRY_NTRY","PC_GDP","A","2014",3.518333,
"CAN","EDUEXP","PRY_NTRY","PC_GDP","A","2015",3.491326,
"CAN","EDUEXP","PRY_NTRY","PC_GDP","A","2016",3.587644,
"CAN","EDUEXP","PRY_NTRY","PC_GDP","A","2017",3.587363,
"CAN","EDUEXP","PRY_NTRY","PC_GDP","A","2018",3.539194,
"CAN","EDUEXP","PRY_NTRY","PC_GDP","A","2019",3.544887,
"CZE","EDUEXP","TRY","PC_GDP","A","1995",0.8197426,
"CZE","EDUEXP","TRY","PC_GDP","A","2000",0.7519374,
"CZE","EDUEXP","TRY","PC_GDP","A","2005",0.9475618,
"CZE","EDUEXP","TRY","PC_GDP","A","2008",1.083681,
"CZE","EDUEXP","TRY","PC_GDP","A","2009",1.193822,
"CZE","EDUEXP","TRY","PC_GDP","A","2010",1.168817,
"CZE","EDUEXP","TRY","PC_GDP","A","2011",1.348506,
"CZE","EDUEXP","TRY","PC_GDP","A","2012",1.428629,
"CZE","EDUEXP","TRY","PC_GDP","A","2013",1.316146,
"CZE","EDUEXP","TRY","PC_GDP","A","2014",1.218806,
"CZE","EDUEXP","TRY","PC_GDP","A","2015",1.148885,
"CZE","EDUEXP","TRY","PC_GDP","A","2016",0.9441393,
"CZE","EDUEXP","TRY","PC_GDP","A","2017",0.9341756,
"CZE","EDUEXP","TRY","PC_GDP","A","2018",1.193145,
"CZE","EDUEXP","TRY","PC_GDP","A","2019",1.202717,
"CZE","EDUEXP","PRY_NTRY","PC_GDP","A","1995",3.200082,
"CZE","EDUEXP","PRY_NTRY","PC_GDP","A","2000",2.563076,
"CZE","EDUEXP","PRY_NTRY","PC_GDP","A","2005",2.745759,
"CZE","EDUEXP","PRY_NTRY","PC_GDP","A","2008",2.510332,
"CZE","EDUEXP","PRY_NTRY","PC_GDP","A","2009",2.738832,
"CZE","EDUEXP","PRY_NTRY","PC_GDP","A","2010",2.676823,
"CZE","EDUEXP","PRY_NTRY","PC_GDP","A","2011",2.698208,
"CZE","EDUEXP","PRY_NTRY","PC_GDP","A","2012",2.733249,
"CZE","EDUEXP","PRY_NTRY","PC_GDP","A","2013",2.663103,
"CZE","EDUEXP","PRY_NTRY","PC_GDP","A","2014",2.626226,
"CZE","EDUEXP","PRY_NTRY","PC_GDP","A","2015",2.629366,
"CZE","EDUEXP","PRY_NTRY","PC_GDP","A","2016",2.496675,
"CZE","EDUEXP","PRY_NTRY","PC_GDP","A","2017",2.651174,
"CZE","EDUEXP","PRY_NTRY","PC_GDP","A","2018",2.905869,
"CZE","EDUEXP","PRY_NTRY","PC_GDP","A","2019",3.145396,
"DNK","EDUEXP","TRY","PC_GDP","A","1995",1.602728,
"DNK","EDUEXP","TRY","PC_GDP","A","2000",1.519092,
"DNK","EDUEXP","TRY","PC_GDP","A","2005",1.658325,
"DNK","EDUEXP","TRY","PC_GDP","A","2008",1.623757,
"DNK","EDUEXP","TRY","PC_GDP","A","2009",1.829996,
"DNK","EDUEXP","TRY","PC_GDP","A","2010",1.829009,
"DNK","EDUEXP","TRY","PC_GDP","A","2011",1.84746,
"DNK","EDUEXP","TRY","PC_GDP","A","2013",1.705776,
"DNK","EDUEXP","TRY","PC_GDP","A","2014",1.691679,
"DNK","EDUEXP","TRY","PC_GDP","A","2016",2.055428,
"DNK","EDUEXP","TRY","PC_GDP","A","2017",1.855698,
"DNK","EDUEXP","TRY","PC_GDP","A","2018",1.848712,
"DNK","EDUEXP","TRY","PC_GDP","A","2019",1.834394,
"DNK","EDUEXP","PRY_NTRY","PC_GDP","A","1995",3.906289,
"DNK","EDUEXP","PRY_NTRY","PC_GDP","A","2000",4.0072,
"DNK","EDUEXP","PRY_NTRY","PC_GDP","A","2005",4.356052,
"DNK","EDUEXP","PRY_NTRY","PC_GDP","A","2008",4.132153,
"DNK","EDUEXP","PRY_NTRY","PC_GDP","A","2009",4.619483,
"DNK","EDUEXP","PRY_NTRY","PC_GDP","A","2010",4.665208,
"DNK","EDUEXP","PRY_NTRY","PC_GDP","A","2011",4.252995,
"DNK","EDUEXP","PRY_NTRY","PC_GDP","A","2012",4.645088,
"DNK","EDUEXP","PRY_NTRY","PC_GDP","A","2013",4.579671,
"DNK","EDUEXP","PRY_NTRY","PC_GDP","A","2014",4.796774,
"DNK","EDUEXP","PRY_NTRY","PC_GDP","A","2016",3.745006,
"DNK","EDUEXP","PRY_NTRY","PC_GDP","A","2017",3.646891,
"DNK","EDUEXP","PRY_NTRY","PC_GDP","A","2018",3.606225,
"DNK","EDUEXP","PRY_NTRY","PC_GDP","A","2019",3.563704,
"FIN","EDUEXP","TRY","PC_GDP","A","1995",1.878294,
"FIN","EDUEXP","TRY","PC_GDP","A","2000",1.6456,
"FIN","EDUEXP","TRY","PC_GDP","A","2005",1.652748,
"FIN","EDUEXP","TRY","PC_GDP","A","2008",1.611206,
"FIN","EDUEXP","TRY","PC_GDP","A","2009",1.803654,
"FIN","EDUEXP","TRY","PC_GDP","A","2010",1.831333,
"FIN","EDUEXP","TRY","PC_GDP","A","2011",1.852023,
"FIN","EDUEXP","TRY","PC_GDP","A","2012",1.836322,
"FIN","EDUEXP","TRY","PC_GDP","A","2013",1.80032,
"FIN","EDUEXP","TRY","PC_GDP","A","2014",1.762934,
"FIN","EDUEXP","TRY","PC_GDP","A","2015",1.71111,
"FIN","EDUEXP","TRY","PC_GDP","A","2016",1.662414,
"FIN","EDUEXP","TRY","PC_GDP","A","2017",1.562842,
"FIN","EDUEXP","TRY","PC_GDP","A","2018",1.534749,
"FIN","EDUEXP","TRY","PC_GDP","A","2019",1.516949,
"FIN","EDUEXP","PRY_NTRY","PC_GDP","A","1995",3.907701,
"FIN","EDUEXP","PRY_NTRY","PC_GDP","A","2000",3.46814,
"FIN","EDUEXP","PRY_NTRY","PC_GDP","A","2005",3.692459,
"FIN","EDUEXP","PRY_NTRY","PC_GDP","A","2008",3.59303,
"FIN","EDUEXP","PRY_NTRY","PC_GDP","A","2009",3.906529,
"FIN","EDUEXP","PRY_NTRY","PC_GDP","A","2010",3.938644,
"FIN","EDUEXP","PRY_NTRY","PC_GDP","A","2011",3.886403,
"FIN","EDUEXP","PRY_NTRY","PC_GDP","A","2012",3.916546,
"FIN","EDUEXP","PRY_NTRY","PC_GDP","A","2013",3.90669,
"FIN","EDUEXP","PRY_NTRY","PC_GDP","A","2014",3.916909,
"FIN","EDUEXP","PRY_NTRY","PC_GDP","A","2015",3.968942,
"FIN","EDUEXP","PRY_NTRY","PC_GDP","A","2016",3.850218,
"FIN","EDUEXP","PRY_NTRY","PC_GDP","A","2017",3.61925,
"FIN","EDUEXP","PRY_NTRY","PC_GDP","A","2018",3.610705,
"FIN","EDUEXP","PRY_NTRY","PC_GDP","A","2019",3.726115,
"FRA","EDUEXP","TRY","PC_GDP","A","2005",1.295749,
"FRA","EDUEXP","TRY","PC_GDP","A","2008",1.391783,
"FRA","EDUEXP","TRY","PC_GDP","A","2009",1.473331,
"FRA","EDUEXP","TRY","PC_GDP","A","2010",1.470499,
"FRA","EDUEXP","TRY","PC_GDP","A","2011",1.453423,
"FRA","EDUEXP","TRY","PC_GDP","A","2012",1.441672,
"FRA","EDUEXP","TRY","PC_GDP","A","2013",1.468645,
"FRA","EDUEXP","TRY","PC_GDP","A","2014",1.475612,
"FRA","EDUEXP","TRY","PC_GDP","A","2015",1.462238,
"FRA","EDUEXP","TRY","PC_GDP","A","2016",1.445158,
"FRA","EDUEXP","TRY","PC_GDP","A","2017",1.453482,
"FRA","EDUEXP","TRY","PC_GDP","A","2018",1.46805,
"FRA","EDUEXP","TRY","PC_GDP","A","2019",1.478523,
"FRA","EDUEXP","PRY_NTRY","PC_GDP","A","2005",3.882404,
"FRA","EDUEXP","PRY_NTRY","PC_GDP","A","2008",3.786785,
"FRA","EDUEXP","PRY_NTRY","PC_GDP","A","2009",3.995124,
"FRA","EDUEXP","PRY_NTRY","PC_GDP","A","2010",3.944748,
"FRA","EDUEXP","PRY_NTRY","PC_GDP","A","2011",3.810218,
"FRA","EDUEXP","PRY_NTRY","PC_GDP","A","2012",3.787301,
"FRA","EDUEXP","PRY_NTRY","PC_GDP","A","2013",3.781037,
"FRA","EDUEXP","PRY_NTRY","PC_GDP","A","2014",3.780116,
"FRA","EDUEXP","PRY_NTRY","PC_GDP","A","2015",3.735744,
"FRA","EDUEXP","PRY_NTRY","PC_GDP","A","2016",3.718568,
"FRA","EDUEXP","PRY_NTRY","PC_GDP","A","2017",3.741656,
"FRA","EDUEXP","PRY_NTRY","PC_GDP","A","2018",3.705694,
"FRA","EDUEXP","PRY_NTRY","PC_GDP","A","2019",3.682352,
"DEU","EDUEXP","TRY","PC_GDP","A","2005",1.031269,
"DEU","EDUEXP","TRY","PC_GDP","A","2008",1.088144,
"DEU","EDUEXP","TRY","PC_GDP","A","2010",1.206498,
"DEU","EDUEXP","TRY","PC_GDP","A","2011",1.211535,
"DEU","EDUEXP","TRY","PC_GDP","A","2012",1.225037,
"DEU","EDUEXP","TRY","PC_GDP","A","2013",1.225284,
"DEU","EDUEXP","TRY","PC_GDP","A","2014",1.228852,
"DEU","EDUEXP","TRY","PC_GDP","A","2015",1.230868,
"DEU","EDUEXP","TRY","PC_GDP","A","2016",1.221983,
"DEU","EDUEXP","TRY","PC_GDP","A","2017",1.214661,
"DEU","EDUEXP","TRY","PC_GDP","A","2018",1.23751,
"DEU","EDUEXP","TRY","PC_GDP","A","2019",1.279297,
"DEU","EDUEXP","PRY_NTRY","PC_GDP","A","2005",3.300665,
"DEU","EDUEXP","PRY_NTRY","PC_GDP","A","2008",3.10195,
"DEU","EDUEXP","PRY_NTRY","PC_GDP","A","2010",3.342715,
"DEU","EDUEXP","PRY_NTRY","PC_GDP","A","2011",3.205254,
"DEU","EDUEXP","PRY_NTRY","PC_GDP","A","2012",3.151451,
"DEU","EDUEXP","PRY_NTRY","PC_GDP","A","2013",3.122095,
"DEU","EDUEXP","PRY_NTRY","PC_GDP","A","2014",3.074799,
"DEU","EDUEXP","PRY_NTRY","PC_GDP","A","2015",3.018926,
"DEU","EDUEXP","PRY_NTRY","PC_GDP","A","2016",2.983228,
"DEU","EDUEXP","PRY_NTRY","PC_GDP","A","2017",2.97786,
"DEU","EDUEXP","PRY_NTRY","PC_GDP","A","2018",2.998153,
"DEU","EDUEXP","PRY_NTRY","PC_GDP","A","2019",3.057485,
"GRC","EDUEXP","TRY","PC_GDP","A","1995",0.5752499,
"GRC","EDUEXP","TRY","PC_GDP","A","2000",0.7424079,
"GRC","EDUEXP","TRY","PC_GDP","A","2005",1.458846,
"GRC","EDUEXP","TRY","PC_GDP","A","2012",0.9132678,
"GRC","EDUEXP","TRY","PC_GDP","A","2013",0.8748197,
"GRC","EDUEXP","TRY","PC_GDP","A","2014",0.8922658,
"GRC","EDUEXP","TRY","PC_GDP","A","2015",0.9883942,
"GRC","EDUEXP","TRY","PC_GDP","A","2017",0.8093058,
"GRC","EDUEXP","TRY","PC_GDP","A","2018",0.8618426,
"GRC","EDUEXP","TRY","PC_GDP","A","2019",0.9320505,
"GRC","EDUEXP","PRY_NTRY","PC_GDP","A","1995",1.937352,
"GRC","EDUEXP","PRY_NTRY","PC_GDP","A","2000",2.55975,
"GRC","EDUEXP","PRY_NTRY","PC_GDP","A","2005",2.7334,
"GRC","EDUEXP","PRY_NTRY","PC_GDP","A","2012",2.90919,
"GRC","EDUEXP","PRY_NTRY","PC_GDP","A","2013",2.878815,
"GRC","EDUEXP","PRY_NTRY","PC_GDP","A","2014",2.861475,
"GRC","EDUEXP","PRY_NTRY","PC_GDP","A","2015",2.829794,
"GRC","EDUEXP","PRY_NTRY","PC_GDP","A","2016",2.845072,
"GRC","EDUEXP","PRY_NTRY","PC_GDP","A","2017",2.726371,
"GRC","EDUEXP","PRY_NTRY","PC_GDP","A","2018",2.85884,
"GRC","EDUEXP","PRY_NTRY","PC_GDP","A","2019",2.788675,
"HUN","EDUEXP","TRY","PC_GDP","A","1995",0.9693852,
"HUN","EDUEXP","TRY","PC_GDP","A","2000",1.104161,
"HUN","EDUEXP","TRY","PC_GDP","A","2012",1.230063,
"HUN","EDUEXP","TRY","PC_GDP","A","2013",1.271055,
"HUN","EDUEXP","TRY","PC_GDP","A","2014",0.9337068,
"HUN","EDUEXP","TRY","PC_GDP","A","2015",0.8666705,
"HUN","EDUEXP","TRY","PC_GDP","A","2016",1.051388,
"HUN","EDUEXP","TRY","PC_GDP","A","2017",1.074725,
"HUN","EDUEXP","TRY","PC_GDP","A","2018",1.067952,
"HUN","EDUEXP","TRY","PC_GDP","A","2019",0.8946554,
"HUN","EDUEXP","PRY_NTRY","PC_GDP","A","1995",3.213031,
"HUN","EDUEXP","PRY_NTRY","PC_GDP","A","2000",2.962297,
"HUN","EDUEXP","PRY_NTRY","PC_GDP","A","2012",2.564717,
"HUN","EDUEXP","PRY_NTRY","PC_GDP","A","2013",2.490129,
"HUN","EDUEXP","PRY_NTRY","PC_GDP","A","2014",2.799803,
"HUN","EDUEXP","PRY_NTRY","PC_GDP","A","2015",2.827038,
"HUN","EDUEXP","PRY_NTRY","PC_GDP","A","2016",3.164448,
"HUN","EDUEXP","PRY_NTRY","PC_GDP","A","2017",2.825737,
"HUN","EDUEXP","PRY_NTRY","PC_GDP","A","2018",2.766621,
"HUN","EDUEXP","PRY_NTRY","PC_GDP","A","2019",2.916326,
"ISL","EDUEXP","TRY","PC_GDP","A","2000",1.01829,
"ISL","EDUEXP","TRY","PC_GDP","A","2005",1.192325,
"ISL","EDUEXP","TRY","PC_GDP","A","2008",1.16632,
"ISL","EDUEXP","TRY","PC_GDP","A","2009",1.196537,
"ISL","EDUEXP","TRY","PC_GDP","A","2010",1.127796,
"ISL","EDUEXP","TRY","PC_GDP","A","2011",1.074419,
"ISL","EDUEXP","TRY","PC_GDP","A","2012",1.296739,
"ISL","EDUEXP","TRY","PC_GDP","A","2013",1.244094,
"ISL","EDUEXP","TRY","PC_GDP","A","2014",1.235753,
"ISL","EDUEXP","TRY","PC_GDP","A","2015",1.238221,
"ISL","EDUEXP","TRY","PC_GDP","A","2016",1.253788,
"ISL","EDUEXP","TRY","PC_GDP","A","2017",1.267089,
"ISL","EDUEXP","TRY","PC_GDP","A","2018",1.177336,
"ISL","EDUEXP","TRY","PC_GDP","A","2019",1.25556,
"ISL","EDUEXP","PRY_NTRY","PC_GDP","A","2000",4.608773,
"ISL","EDUEXP","PRY_NTRY","PC_GDP","A","2005",5.178096,
"ISL","EDUEXP","PRY_NTRY","PC_GDP","A","2008",4.712862,
"ISL","EDUEXP","PRY_NTRY","PC_GDP","A","2009",4.753016,
"ISL","EDUEXP","PRY_NTRY","PC_GDP","A","2010",4.500161,
"ISL","EDUEXP","PRY_NTRY","PC_GDP","A","2011",4.549299,
"ISL","EDUEXP","PRY_NTRY","PC_GDP","A","2012",4.446277,
"ISL","EDUEXP","PRY_NTRY","PC_GDP","A","2013",4.368084,
"ISL","EDUEXP","PRY_NTRY","PC_GDP","A","2014",4.491962,
"ISL","EDUEXP","PRY_NTRY","PC_GDP","A","2015",4.392713,
"ISL","EDUEXP","PRY_NTRY","PC_GDP","A","2016",4.275385,
"ISL","EDUEXP","PRY_NTRY","PC_GDP","A","2017",4.475564,
"ISL","EDUEXP","PRY_NTRY","PC_GDP","A","2018",4.561625,
"ISL","EDUEXP","PRY_NTRY","PC_GDP","A","2019",4.484942,
"IRL","EDUEXP","TRY","PC_GDP","A","1995",1.281325,
"IRL","EDUEXP","TRY","PC_GDP","A","2000",1.424036,
"IRL","EDUEXP","TRY","PC_GDP","A","2005",1.096765,
"IRL","EDUEXP","TRY","PC_GDP","A","2008",1.372362,
"IRL","EDUEXP","TRY","PC_GDP","A","2009",1.545904,
"IRL","EDUEXP","TRY","PC_GDP","A","2010",1.470484,
"IRL","EDUEXP","TRY","PC_GDP","A","2011",1.399609,
"IRL","EDUEXP","TRY","PC_GDP","A","2012",1.370605,
"IRL","EDUEXP","TRY","PC_GDP","A","2013",1.197902,
"IRL","EDUEXP","TRY","PC_GDP","A","2014",1.104967,
"IRL","EDUEXP","TRY","PC_GDP","A","2015",1.016768,
"IRL","EDUEXP","TRY","PC_GDP","A","2016",0.9939369,
"IRL","EDUEXP","TRY","PC_GDP","A","2017",0.9200414,
"IRL","EDUEXP","TRY","PC_GDP","A","2018",0.8793467,
"IRL","EDUEXP","TRY","PC_GDP","A","2019",0.8324902,
"IRL","EDUEXP","PRY_NTRY","PC_GDP","A","1995",3.706871,
"IRL","EDUEXP","PRY_NTRY","PC_GDP","A","2000",2.835741,
"IRL","EDUEXP","PRY_NTRY","PC_GDP","A","2005",3.239546,
"IRL","EDUEXP","PRY_NTRY","PC_GDP","A","2008",3.964728,
"IRL","EDUEXP","PRY_NTRY","PC_GDP","A","2009",4.41778,
"IRL","EDUEXP","PRY_NTRY","PC_GDP","A","2010",4.45615,
"IRL","EDUEXP","PRY_NTRY","PC_GDP","A","2011",4.327207,
"IRL","EDUEXP","PRY_NTRY","PC_GDP","A","2012",4.313447,
"IRL","EDUEXP","PRY_NTRY","PC_GDP","A","2013",3.997775,
"IRL","EDUEXP","PRY_NTRY","PC_GDP","A","2014",3.668572,
"IRL","EDUEXP","PRY_NTRY","PC_GDP","A","2015",2.583465,
"IRL","EDUEXP","PRY_NTRY","PC_GDP","A","2016",2.605614,
"IRL","EDUEXP","PRY_NTRY","PC_GDP","A","2017",2.502981,
"IRL","EDUEXP","PRY_NTRY","PC_GDP","A","2018",2.417111,
"IRL","EDUEXP","PRY_NTRY","PC_GDP","A","2019",2.338533,
"ITA","EDUEXP","TRY","PC_GDP","A","1995",0.7131392,
"ITA","EDUEXP","TRY","PC_GDP","A","2000",0.821133,
"ITA","EDUEXP","TRY","PC_GDP","A","2005",0.8417511,
"ITA","EDUEXP","TRY","PC_GDP","A","2008",0.9244348,
"ITA","EDUEXP","TRY","PC_GDP","A","2009",0.9574967,
"ITA","EDUEXP","TRY","PC_GDP","A","2010",0.9544152,
"ITA","EDUEXP","TRY","PC_GDP","A","2011",0.960772,
"ITA","EDUEXP","TRY","PC_GDP","A","2012",0.9376204,
"ITA","EDUEXP","TRY","PC_GDP","A","2013",0.9653539,
"ITA","EDUEXP","TRY","PC_GDP","A","2014",0.9601346,
"ITA","EDUEXP","TRY","PC_GDP","A","2015",0.9215973,
"ITA","EDUEXP","TRY","PC_GDP","A","2016",0.8899967,
"ITA","EDUEXP","TRY","PC_GDP","A","2017",0.897915,
"ITA","EDUEXP","TRY","PC_GDP","A","2018",0.9023937,
"ITA","EDUEXP","TRY","PC_GDP","A","2019",0.9047233,
"ITA","EDUEXP","PRY_NTRY","PC_GDP","A","1995",3.354876,
"ITA","EDUEXP","PRY_NTRY","PC_GDP","A","2000",3.034551,
"ITA","EDUEXP","PRY_NTRY","PC_GDP","A","2005",3.000727,
"ITA","EDUEXP","PRY_NTRY","PC_GDP","A","2008",3.052607,
"ITA","EDUEXP","PRY_NTRY","PC_GDP","A","2009",3.103365,
"ITA","EDUEXP","PRY_NTRY","PC_GDP","A","2010",2.944137,
"ITA","EDUEXP","PRY_NTRY","PC_GDP","A","2011",2.803684,
"ITA","EDUEXP","PRY_NTRY","PC_GDP","A","2012",2.956705,
"ITA","EDUEXP","PRY_NTRY","PC_GDP","A","2013",3.01687,
"ITA","EDUEXP","PRY_NTRY","PC_GDP","A","2014",2.996264,
"ITA","EDUEXP","PRY_NTRY","PC_GDP","A","2015",3.003922,
"ITA","EDUEXP","PRY_NTRY","PC_GDP","A","2016",2.730421,
"ITA","EDUEXP","PRY_NTRY","PC_GDP","A","2017",2.953354,
"ITA","EDUEXP","PRY_NTRY","PC_GDP","A","2018",3.194416,
"ITA","EDUEXP","PRY_NTRY","PC_GDP","A","2019",2.944879,
"JPN","EDUEXP","TRY","PC_GDP","A","2005",1.407529,
"JPN","EDUEXP","TRY","PC_GDP","A","2010",1.470036,
"JPN","EDUEXP","TRY","PC_GDP","A","2011",1.443063,
"JPN","EDUEXP","TRY","PC_GDP","A","2012",1.465161,
"JPN","EDUEXP","TRY","PC_GDP","A","2013",1.503288,
"JPN","EDUEXP","TRY","PC_GDP","A","2014",1.467287,
"JPN","EDUEXP","TRY","PC_GDP","A","2015",1.415908,
"JPN","EDUEXP","TRY","PC_GDP","A","2016",1.366571,
"JPN","EDUEXP","TRY","PC_GDP","A","2017",1.363401,
"JPN","EDUEXP","TRY","PC_GDP","A","2018",1.362092,
"JPN","EDUEXP","TRY","PC_GDP","A","2019",1.38074,
"JPN","EDUEXP","PRY_NTRY","PC_GDP","A","2005",2.695623,
"JPN","EDUEXP","PRY_NTRY","PC_GDP","A","2010",2.848551,
"JPN","EDUEXP","PRY_NTRY","PC_GDP","A","2011",2.7767,
"JPN","EDUEXP","PRY_NTRY","PC_GDP","A","2012",2.814192,
"JPN","EDUEXP","PRY_NTRY","PC_GDP","A","2013",2.750227,
"JPN","EDUEXP","PRY_NTRY","PC_GDP","A","2014",2.790615,
"JPN","EDUEXP","PRY_NTRY","PC_GDP","A","2015",2.737537,
"JPN","EDUEXP","PRY_NTRY","PC_GDP","A","2016",2.62437,
"JPN","EDUEXP","PRY_NTRY","PC_GDP","A","2017",2.588925,
"JPN","EDUEXP","PRY_NTRY","PC_GDP","A","2018",2.545303,
"JPN","EDUEXP","PRY_NTRY","PC_GDP","A","2019",2.587428,
"KOR","EDUEXP","TRY","PC_GDP","A","2015",1.712309,
"KOR","EDUEXP","TRY","PC_GDP","A","2016",1.640632,
"KOR","EDUEXP","TRY","PC_GDP","A","2017",1.557664,
"KOR","EDUEXP","TRY","PC_GDP","A","2018",1.565149,
"KOR","EDUEXP","TRY","PC_GDP","A","2019",1.516248,
"KOR","EDUEXP","PRY_NTRY","PC_GDP","A","2015",3.545228,
"KOR","EDUEXP","PRY_NTRY","PC_GDP","A","2016",3.445406,
"KOR","EDUEXP","PRY_NTRY","PC_GDP","A","2017",3.471132,
"KOR","EDUEXP","PRY_NTRY","PC_GDP","A","2018",3.531518,
"KOR","EDUEXP","PRY_NTRY","PC_GDP","A","2019",3.743606,
"LUX","EDUEXP","TRY","PC_GDP","A","2012",0.3970965,
"LUX","EDUEXP","TRY","PC_GDP","A","2013",0.4989278,
"LUX","EDUEXP","TRY","PC_GDP","A","2014",0.4843286,
"LUX","EDUEXP","TRY","PC_GDP","A","2015",0.5067922,
"LUX","EDUEXP","TRY","PC_GDP","A","2016",0.4638441,
"LUX","EDUEXP","TRY","PC_GDP","A","2017",0.4759363,
"LUX","EDUEXP","TRY","PC_GDP","A","2018",0.4241494,
"LUX","EDUEXP","TRY","PC_GDP","A","2019",0.4594754,
"LUX","EDUEXP","PRY_NTRY","PC_GDP","A","2008",2.875418,
"LUX","EDUEXP","PRY_NTRY","PC_GDP","A","2009",3.190149,
"LUX","EDUEXP","PRY_NTRY","PC_GDP","A","2010",3.295239,
"LUX","EDUEXP","PRY_NTRY","PC_GDP","A","2011",3.157009,
"LUX","EDUEXP","PRY_NTRY","PC_GDP","A","2012",3.130985,
"LUX","EDUEXP","PRY_NTRY","PC_GDP","A","2013",2.781714,
"LUX","EDUEXP","PRY_NTRY","PC_GDP","A","2014",2.928939,
"LUX","EDUEXP","PRY_NTRY","PC_GDP","A","2015",2.834594,
"LUX","EDUEXP","PRY_NTRY","PC_GDP","A","2016",2.61436,
"LUX","EDUEXP","PRY_NTRY","PC_GDP","A","2017",2.684883,
"LUX","EDUEXP","PRY_NTRY","PC_GDP","A","2018",2.707163,
"LUX","EDUEXP","PRY_NTRY","PC_GDP","A","2019",2.878286,
"MEX","EDUEXP","TRY","PC_GDP","A","1995",0.8419733,
"MEX","EDUEXP","TRY","PC_GDP","A","2000",0.860884,
"MEX","EDUEXP","TRY","PC_GDP","A","2005",1.147774,
"MEX","EDUEXP","TRY","PC_GDP","A","2008",1.202604,
"MEX","EDUEXP","TRY","PC_GDP","A","2009",1.393929,
"MEX","EDUEXP","TRY","PC_GDP","A","2010",1.350146,
"MEX","EDUEXP","TRY","PC_GDP","A","2011",1.255304,
"MEX","EDUEXP","TRY","PC_GDP","A","2012",1.304847,
"MEX","EDUEXP","TRY","PC_GDP","A","2013",1.351316,
"MEX","EDUEXP","TRY","PC_GDP","A","2014",1.413537,
"MEX","EDUEXP","TRY","PC_GDP","A","2015",1.4121,
"MEX","EDUEXP","TRY","PC_GDP","A","2016",1.365066,
"MEX","EDUEXP","TRY","PC_GDP","A","2017",1.191791,
"MEX","EDUEXP","TRY","PC_GDP","A","2018",1.425752,
"MEX","EDUEXP","TRY","PC_GDP","A","2019",1.385032,
"MEX","EDUEXP","PRY_NTRY","PC_GDP","A","1995",3.196211,
"MEX","EDUEXP","PRY_NTRY","PC_GDP","A","2000",3.135967,
"MEX","EDUEXP","PRY_NTRY","PC_GDP","A","2005",3.823887,
"MEX","EDUEXP","PRY_NTRY","PC_GDP","A","2008",3.619252,
"MEX","EDUEXP","PRY_NTRY","PC_GDP","A","2009",3.901468,
"MEX","EDUEXP","PRY_NTRY","PC_GDP","A","2010",3.89331,
"MEX","EDUEXP","PRY_NTRY","PC_GDP","A","2011",3.888126,
"MEX","EDUEXP","PRY_NTRY","PC_GDP","A","2012",3.814656,
"MEX","EDUEXP","PRY_NTRY","PC_GDP","A","2013",3.883764,
"MEX","EDUEXP","PRY_NTRY","PC_GDP","A","2014",3.865833,
"MEX","EDUEXP","PRY_NTRY","PC_GDP","A","2015",3.849586,
"MEX","EDUEXP","PRY_NTRY","PC_GDP","A","2016",3.710986,
"MEX","EDUEXP","PRY_NTRY","PC_GDP","A","2017",3.198443,
"MEX","EDUEXP","PRY_NTRY","PC_GDP","A","2018",3.216845,
"MEX","EDUEXP","PRY_NTRY","PC_GDP","A","2019",3.235345,
"NLD","EDUEXP","TRY","PC_GDP","A","1995",1.499256,
"NLD","EDUEXP","TRY","PC_GDP","A","2000",1.308359,
"NLD","EDUEXP","TRY","PC_GDP","A","2005",1.440728,
"NLD","EDUEXP","TRY","PC_GDP","A","2008",1.429788,
"NLD","EDUEXP","TRY","PC_GDP","A","2009",1.566784,
"NLD","EDUEXP","TRY","PC_GDP","A","2010",1.599857,
"NLD","EDUEXP","TRY","PC_GDP","A","2011",1.630361,
"NLD","EDUEXP","TRY","PC_GDP","A","2012",1.665443,
"NLD","EDUEXP","TRY","PC_GDP","A","2013",1.690425,
"NLD","EDUEXP","TRY","PC_GDP","A","2014",1.708698,
"NLD","EDUEXP","TRY","PC_GDP","A","2015",1.709078,
"NLD","EDUEXP","TRY","PC_GDP","A","2016",1.694849,
"NLD","EDUEXP","TRY","PC_GDP","A","2017",1.687339,
"NLD","EDUEXP","TRY","PC_GDP","A","2018",1.675509,
"NLD","EDUEXP","TRY","PC_GDP","A","2019",1.670528,
"NLD","EDUEXP","PRY_NTRY","PC_GDP","A","1995",3.112969,
"NLD","EDUEXP","PRY_NTRY","PC_GDP","A","2000",3.132501,
"NLD","EDUEXP","PRY_NTRY","PC_GDP","A","2005",3.546281,
"NLD","EDUEXP","PRY_NTRY","PC_GDP","A","2008",3.409482,
"NLD","EDUEXP","PRY_NTRY","PC_GDP","A","2009",3.777898,
"NLD","EDUEXP","PRY_NTRY","PC_GDP","A","2010",3.77371,
"NLD","EDUEXP","PRY_NTRY","PC_GDP","A","2011",3.688994,
"NLD","EDUEXP","PRY_NTRY","PC_GDP","A","2012",3.712985,
"NLD","EDUEXP","PRY_NTRY","PC_GDP","A","2013",3.75118,
"NLD","EDUEXP","PRY_NTRY","PC_GDP","A","2014",3.598869,
"NLD","EDUEXP","PRY_NTRY","PC_GDP","A","2015",3.598122,
"NLD","EDUEXP","PRY_NTRY","PC_GDP","A","2016",3.525851,
"NLD","EDUEXP","PRY_NTRY","PC_GDP","A","2017",3.479586,
"NLD","EDUEXP","PRY_NTRY","PC_GDP","A","2018",3.481462,
"NLD","EDUEXP","PRY_NTRY","PC_GDP","A","2019",3.432299,
"NZL","EDUEXP","TRY","PC_GDP","A","2000",1.47701,
"NZL","EDUEXP","TRY","PC_GDP","A","2005",1.772191,
"NZL","EDUEXP","TRY","PC_GDP","A","2008",1.833769,
"NZL","EDUEXP","TRY","PC_GDP","A","2009",1.888396,
"NZL","EDUEXP","TRY","PC_GDP","A","2010",1.895371,
"NZL","EDUEXP","TRY","PC_GDP","A","2011",1.830386,
"NZL","EDUEXP","TRY","PC_GDP","A","2012",1.814629,
"NZL","EDUEXP","TRY","PC_GDP","A","2013",1.734857,
"NZL","EDUEXP","TRY","PC_GDP","A","2014",1.781588,
"NZL","EDUEXP","TRY","PC_GDP","A","2015",1.812801,
"NZL","EDUEXP","TRY","PC_GDP","A","2016",1.748697,
"NZL","EDUEXP","TRY","PC_GDP","A","2017",1.689819,
"NZL","EDUEXP","TRY","PC_GDP","A","2018",1.62437,
"NZL","EDUEXP","TRY","PC_GDP","A","2019",1.62871,
"NZL","EDUEXP","PRY_NTRY","PC_GDP","A","2000",4.346981,
"NZL","EDUEXP","PRY_NTRY","PC_GDP","A","2005",4.430523,
"NZL","EDUEXP","PRY_NTRY","PC_GDP","A","2008",4.349244,
"NZL","EDUEXP","PRY_NTRY","PC_GDP","A","2009",4.45389,
"NZL","EDUEXP","PRY_NTRY","PC_GDP","A","2010",4.369535,
"NZL","EDUEXP","PRY_NTRY","PC_GDP","A","2011",4.157514,
"NZL","EDUEXP","PRY_NTRY","PC_GDP","A","2012",4.110596,
"NZL","EDUEXP","PRY_NTRY","PC_GDP","A","2013",3.875061,
"NZL","EDUEXP","PRY_NTRY","PC_GDP","A","2014",3.799074,
"NZL","EDUEXP","PRY_NTRY","PC_GDP","A","2015",3.747756,
"NZL","EDUEXP","PRY_NTRY","PC_GDP","A","2016",3.655232,
"NZL","EDUEXP","PRY_NTRY","PC_GDP","A","2017",3.526993,
"NZL","EDUEXP","PRY_NTRY","PC_GDP","A","2018",3.444567,
"NZL","EDUEXP","PRY_NTRY","PC_GDP","A","2019",3.486113,
"POL","EDUEXP","TRY","PC_GDP","A","1995",0.7952014,
"POL","EDUEXP","TRY","PC_GDP","A","2000",0.7037612,
"POL","EDUEXP","TRY","PC_GDP","A","2005",1.570614,
"POL","EDUEXP","TRY","PC_GDP","A","2008",1.476132,
"POL","EDUEXP","TRY","PC_GDP","A","2009",1.498398,
"POL","EDUEXP","TRY","PC_GDP","A","2010",1.479282,
"POL","EDUEXP","TRY","PC_GDP","A","2011",1.293109,
"POL","EDUEXP","TRY","PC_GDP","A","2012",1.322691,
"POL","EDUEXP","TRY","PC_GDP","A","2013",1.375012,
"POL","EDUEXP","TRY","PC_GDP","A","2014",1.334402,
"POL","EDUEXP","TRY","PC_GDP","A","2015",1.372008,
"POL","EDUEXP","TRY","PC_GDP","A","2016",1.184349,
"POL","EDUEXP","TRY","PC_GDP","A","2017",1.183536,
"POL","EDUEXP","TRY","PC_GDP","A","2018",1.195564,
"POL","EDUEXP","TRY","PC_GDP","A","2019",1.256274,
"POL","EDUEXP","PRY_NTRY","PC_GDP","A","1995",3.472633,
"POL","EDUEXP","PRY_NTRY","PC_GDP","A","2000",3.632386,
"POL","EDUEXP","PRY_NTRY","PC_GDP","A","2005",3.708449,
"POL","EDUEXP","PRY_NTRY","PC_GDP","A","2008",3.579752,
"POL","EDUEXP","PRY_NTRY","PC_GDP","A","2009",3.566514,
"POL","EDUEXP","PRY_NTRY","PC_GDP","A","2010",3.578542,
"POL","EDUEXP","PRY_NTRY","PC_GDP","A","2011",3.360988,
"POL","EDUEXP","PRY_NTRY","PC_GDP","A","2012",3.445811,
"POL","EDUEXP","PRY_NTRY","PC_GDP","A","2013",3.403494,
"POL","EDUEXP","PRY_NTRY","PC_GDP","A","2014",3.38583,
"POL","EDUEXP","PRY_NTRY","PC_GDP","A","2015",3.228628,
"POL","EDUEXP","PRY_NTRY","PC_GDP","A","2016",3.173372,
"POL","EDUEXP","PRY_NTRY","PC_GDP","A","2017",3.111339,
"POL","EDUEXP","PRY_NTRY","PC_GDP","A","2018",3.211598,
"POL","EDUEXP","PRY_NTRY","PC_GDP","A","2019",3.193827,
"PRT","EDUEXP","TRY","PC_GDP","A","1995",0.8497103,
"PRT","EDUEXP","TRY","PC_GDP","A","2000",0.9452324,
"PRT","EDUEXP","TRY","PC_GDP","A","2005",1.269144,
"PRT","EDUEXP","TRY","PC_GDP","A","2008",1.291803,
"PRT","EDUEXP","TRY","PC_GDP","A","2009",1.307749,
"PRT","EDUEXP","TRY","PC_GDP","A","2010",1.396341,
"PRT","EDUEXP","TRY","PC_GDP","A","2011",1.331201,
"PRT","EDUEXP","TRY","PC_GDP","A","2012",1.343872,
"PRT","EDUEXP","TRY","PC_GDP","A","2013",1.389917,
"PRT","EDUEXP","TRY","PC_GDP","A","2014",1.356706,
"PRT","EDUEXP","TRY","PC_GDP","A","2015",1.288891,
"PRT","EDUEXP","TRY","PC_GDP","A","2016",1.152244,
"PRT","EDUEXP","TRY","PC_GDP","A","2017",1.172411,
"PRT","EDUEXP","TRY","PC_GDP","A","2018",1.143874,
"PRT","EDUEXP","TRY","PC_GDP","A","2019",1.148546,
"PRT","EDUEXP","PRY_NTRY","PC_GDP","A","1995",3.451213,
"PRT","EDUEXP","PRY_NTRY","PC_GDP","A","2000",3.713067,
"PRT","EDUEXP","PRY_NTRY","PC_GDP","A","2005",3.573294,
"PRT","EDUEXP","PRY_NTRY","PC_GDP","A","2008",3.265153,
"PRT","EDUEXP","PRY_NTRY","PC_GDP","A","2009",3.825897,
"PRT","EDUEXP","PRY_NTRY","PC_GDP","A","2010",3.74117,
"PRT","EDUEXP","PRY_NTRY","PC_GDP","A","2011",3.560975,
"PRT","EDUEXP","PRY_NTRY","PC_GDP","A","2012",4.509541,
"PRT","EDUEXP","PRY_NTRY","PC_GDP","A","2013",4.717845,
"PRT","EDUEXP","PRY_NTRY","PC_GDP","A","2014",4.46357,
"PRT","EDUEXP","PRY_NTRY","PC_GDP","A","2015",3.941903,
"PRT","EDUEXP","PRY_NTRY","PC_GDP","A","2016",3.88589,
"PRT","EDUEXP","PRY_NTRY","PC_GDP","A","2017",3.992956,
"PRT","EDUEXP","PRY_NTRY","PC_GDP","A","2018",3.816396,
"PRT","EDUEXP","PRY_NTRY","PC_GDP","A","2019",3.688902,
"SVK","EDUEXP","TRY","PC_GDP","A","1995",0.7262485,
"SVK","EDUEXP","TRY","PC_GDP","A","2000",0.7638871,
"SVK","EDUEXP","TRY","PC_GDP","A","2005",0.8932184,
"SVK","EDUEXP","TRY","PC_GDP","A","2008",0.8688814,
"SVK","EDUEXP","TRY","PC_GDP","A","2009",0.9275181,
"SVK","EDUEXP","TRY","PC_GDP","A","2010",0.8935122,
"SVK","EDUEXP","TRY","PC_GDP","A","2011",0.9627176,
"SVK","EDUEXP","TRY","PC_GDP","A","2012",1.020058,
"SVK","EDUEXP","TRY","PC_GDP","A","2013",1.060769,
"SVK","EDUEXP","TRY","PC_GDP","A","2014",1.073482,
"SVK","EDUEXP","TRY","PC_GDP","A","2015",1.555176,
"SVK","EDUEXP","TRY","PC_GDP","A","2016",1.002454,
"SVK","EDUEXP","TRY","PC_GDP","A","2017",0.9617335,
"SVK","EDUEXP","TRY","PC_GDP","A","2018",0.9276281,
"SVK","EDUEXP","TRY","PC_GDP","A","2019",0.9455325,
"SVK","EDUEXP","PRY_NTRY","PC_GDP","A","1995",2.99359,
"SVK","EDUEXP","PRY_NTRY","PC_GDP","A","2000",2.63911,
"SVK","EDUEXP","PRY_NTRY","PC_GDP","A","2005",2.804677,
"SVK","EDUEXP","PRY_NTRY","PC_GDP","A","2008",2.54889,
"SVK","EDUEXP","PRY_NTRY","PC_GDP","A","2009",3.013412,
"SVK","EDUEXP","PRY_NTRY","PC_GDP","A","2010",2.95733,
"SVK","EDUEXP","PRY_NTRY","PC_GDP","A","2011",2.682308,
"SVK","EDUEXP","PRY_NTRY","PC_GDP","A","2012",2.634103,
"SVK","EDUEXP","PRY_NTRY","PC_GDP","A","2013",2.729784,
"SVK","EDUEXP","PRY_NTRY","PC_GDP","A","2014",2.778812,
"SVK","EDUEXP","PRY_NTRY","PC_GDP","A","2015",2.827126,
"SVK","EDUEXP","PRY_NTRY","PC_GDP","A","2016",2.702632,
"SVK","EDUEXP","PRY_NTRY","PC_GDP","A","2017",2.688435,
"SVK","EDUEXP","PRY_NTRY","PC_GDP","A","2018",2.763596,
"SVK","EDUEXP","PRY_NTRY","PC_GDP","A","2019",2.974828,
"ESP","EDUEXP","TRY","PC_GDP","A","1995",0.9805509,
"ESP","EDUEXP","TRY","PC_GDP","A","2000",1.116188,
"ESP","EDUEXP","TRY","PC_GDP","A","2005",1.092436,
"ESP","EDUEXP","TRY","PC_GDP","A","2008",1.194238,
"ESP","EDUEXP","TRY","PC_GDP","A","2009",1.287238,
"ESP","EDUEXP","TRY","PC_GDP","A","2010",1.317844,
"ESP","EDUEXP","TRY","PC_GDP","A","2011",1.297749,
"ESP","EDUEXP","TRY","PC_GDP","A","2012",1.269227,
"ESP","EDUEXP","TRY","PC_GDP","A","2013",1.294533,
"ESP","EDUEXP","TRY","PC_GDP","A","2014",1.270591,
"ESP","EDUEXP","TRY","PC_GDP","A","2015",1.282959,
"ESP","EDUEXP","TRY","PC_GDP","A","2016",1.246049,
"ESP","EDUEXP","TRY","PC_GDP","A","2017",1.251582,
"ESP","EDUEXP","TRY","PC_GDP","A","2018",1.26515,
"ESP","EDUEXP","TRY","PC_GDP","A","2019",1.282023,
"ESP","EDUEXP","PRY_NTRY","PC_GDP","A","1995",3.727896,
"ESP","EDUEXP","PRY_NTRY","PC_GDP","A","2000",3.085381,
"ESP","EDUEXP","PRY_NTRY","PC_GDP","A","2005",2.844874,
"ESP","EDUEXP","PRY_NTRY","PC_GDP","A","2008",3.00884,
"ESP","EDUEXP","PRY_NTRY","PC_GDP","A","2009",3.254979,
"ESP","EDUEXP","PRY_NTRY","PC_GDP","A","2010",3.230803,
"ESP","EDUEXP","PRY_NTRY","PC_GDP","A","2011",3.180373,
"ESP","EDUEXP","PRY_NTRY","PC_GDP","A","2012",3.123453,
"ESP","EDUEXP","PRY_NTRY","PC_GDP","A","2013",3.066311,
"ESP","EDUEXP","PRY_NTRY","PC_GDP","A","2014",3.025162,
"ESP","EDUEXP","PRY_NTRY","PC_GDP","A","2015",3.080104,
"ESP","EDUEXP","PRY_NTRY","PC_GDP","A","2016",3.075295,
"ESP","EDUEXP","PRY_NTRY","PC_GDP","A","2017",3.034619,
"ESP","EDUEXP","PRY_NTRY","PC_GDP","A","2018",3.022635,
"ESP","EDUEXP","PRY_NTRY","PC_GDP","A","2019",3.053512,
"SWE","EDUEXP","TRY","PC_GDP","A","1995",1.461212,
"SWE","EDUEXP","TRY","PC_GDP","A","2000",1.506135,
"SWE","EDUEXP","TRY","PC_GDP","A","2005",1.531651,
"SWE","EDUEXP","TRY","PC_GDP","A","2008",1.493201,
"SWE","EDUEXP","TRY","PC_GDP","A","2009",1.650381,
"SWE","EDUEXP","TRY","PC_GDP","A","2010",1.64106,
"SWE","EDUEXP","TRY","PC_GDP","A","2011",1.622144,
"SWE","EDUEXP","TRY","PC_GDP","A","2012",1.660163,
"SWE","EDUEXP","TRY","PC_GDP","A","2013",1.672324,
"SWE","EDUEXP","TRY","PC_GDP","A","2014",1.667978,
"SWE","EDUEXP","TRY","PC_GDP","A","2015",1.596038,
"SWE","EDUEXP","TRY","PC_GDP","A","2016",1.601489,
"SWE","EDUEXP","TRY","PC_GDP","A","2017",1.566895,
"SWE","EDUEXP","TRY","PC_GDP","A","2018",1.563825,
"SWE","EDUEXP","TRY","PC_GDP","A","2019",1.55344,
"SWE","EDUEXP","PRY_NTRY","PC_GDP","A","1995",3.86197,
"SWE","EDUEXP","PRY_NTRY","PC_GDP","A","2000",3.972591,
"SWE","EDUEXP","PRY_NTRY","PC_GDP","A","2005",3.965153,
"SWE","EDUEXP","PRY_NTRY","PC_GDP","A","2008",3.797532,
"SWE","EDUEXP","PRY_NTRY","PC_GDP","A","2009",3.922372,
"SWE","EDUEXP","PRY_NTRY","PC_GDP","A","2010",3.720559,
"SWE","EDUEXP","PRY_NTRY","PC_GDP","A","2011",3.615736,
"SWE","EDUEXP","PRY_NTRY","PC_GDP","A","2012",3.649807,
"SWE","EDUEXP","PRY_NTRY","PC_GDP","A","2013",3.651597,
"SWE","EDUEXP","PRY_NTRY","PC_GDP","A","2014",3.62883,
"SWE","EDUEXP","PRY_NTRY","PC_GDP","A","2015",3.594253,
"SWE","EDUEXP","PRY_NTRY","PC_GDP","A","2016",3.772745,
"SWE","EDUEXP","PRY_NTRY","PC_GDP","A","2017",3.864597,
"SWE","EDUEXP","PRY_NTRY","PC_GDP","A","2018",3.978019,
"SWE","EDUEXP","PRY_NTRY","PC_GDP","A","2019",3.944771,
"TUR","EDUEXP","TRY","PC_GDP","A","2011",1.771803,
"TUR","EDUEXP","TRY","PC_GDP","A","2012",1.862181,
"TUR","EDUEXP","TRY","PC_GDP","A","2013",1.829395,
"TUR","EDUEXP","TRY","PC_GDP","A","2014",1.875573,
"TUR","EDUEXP","TRY","PC_GDP","A","2015",1.786319,
"TUR","EDUEXP","TRY","PC_GDP","A","2016",1.891798,
"TUR","EDUEXP","TRY","PC_GDP","A","2017",1.67646,
"TUR","EDUEXP","TRY","PC_GDP","A","2018",1.698561,
"TUR","EDUEXP","TRY","PC_GDP","A","2019",1.618887,
"TUR","EDUEXP","PRY_NTRY","PC_GDP","A","2011",3.101596,
"TUR","EDUEXP","PRY_NTRY","PC_GDP","A","2012",3.321457,
"TUR","EDUEXP","PRY_NTRY","PC_GDP","A","2013",3.337194,
"TUR","EDUEXP","PRY_NTRY","PC_GDP","A","2014",3.387145,
"TUR","EDUEXP","PRY_NTRY","PC_GDP","A","2015",3.291203,
"TUR","EDUEXP","PRY_NTRY","PC_GDP","A","2016",3.510843,
"TUR","EDUEXP","PRY_NTRY","PC_GDP","A","2017",3.297689,
"TUR","EDUEXP","PRY_NTRY","PC_GDP","A","2018",3.371056,
"TUR","EDUEXP","PRY_NTRY","PC_GDP","A","2019",3.61364,
"GBR","EDUEXP","TRY","PC_GDP","A","2012",1.757211,
"GBR","EDUEXP","TRY","PC_GDP","A","2013",1.816449,
"GBR","EDUEXP","TRY","PC_GDP","A","2014",1.793428,
"GBR","EDUEXP","TRY","PC_GDP","A","2015",1.884039,
"GBR","EDUEXP","TRY","PC_GDP","A","2016",1.858855,
"GBR","EDUEXP","TRY","PC_GDP","A","2017",1.936575,
"GBR","EDUEXP","TRY","PC_GDP","A","2018",2.000508,
"GBR","EDUEXP","TRY","PC_GDP","A","2019",1.983454,
"GBR","EDUEXP","PRY_NTRY","PC_GDP","A","2005",4.132159,
"GBR","EDUEXP","PRY_NTRY","PC_GDP","A","2008",3.820489,
"GBR","EDUEXP","PRY_NTRY","PC_GDP","A","2009",4.06801,
"GBR","EDUEXP","PRY_NTRY","PC_GDP","A","2010",4.299732,
"GBR","EDUEXP","PRY_NTRY","PC_GDP","A","2011",4.329418,
"GBR","EDUEXP","PRY_NTRY","PC_GDP","A","2012",4.388904,
"GBR","EDUEXP","PRY_NTRY","PC_GDP","A","2013",4.777358,
"GBR","EDUEXP","PRY_NTRY","PC_GDP","A","2014",4.807966,
"GBR","EDUEXP","PRY_NTRY","PC_GDP","A","2015",4.399097,
"GBR","EDUEXP","PRY_NTRY","PC_GDP","A","2016",4.325837,
"GBR","EDUEXP","PRY_NTRY","PC_GDP","A","2017",4.258167,
"GBR","EDUEXP","PRY_NTRY","PC_GDP","A","2018",4.057113,
"GBR","EDUEXP","PRY_NTRY","PC_GDP","A","2019",4.053046,
"USA","EDUEXP","TRY","PC_GDP","A","2000",2.150424,
"USA","EDUEXP","TRY","PC_GDP","A","2005",2.433508,
"USA","EDUEXP","TRY","PC_GDP","A","2008",2.540233,
"USA","EDUEXP","TRY","PC_GDP","A","2009",2.657202,
"USA","EDUEXP","TRY","PC_GDP","A","2010",2.675254,
"USA","EDUEXP","TRY","PC_GDP","A","2011",2.726841,
"USA","EDUEXP","TRY","PC_GDP","A","2012",2.746809,
"USA","EDUEXP","TRY","PC_GDP","A","2013",2.598708,
"USA","EDUEXP","TRY","PC_GDP","A","2014",2.628082,
"USA","EDUEXP","TRY","PC_GDP","A","2015",2.561284,
"USA","EDUEXP","TRY","PC_GDP","A","2016",2.55852,
"USA","EDUEXP","TRY","PC_GDP","A","2017",2.587567,
"USA","EDUEXP","TRY","PC_GDP","A","2018",2.53243,
"USA","EDUEXP","TRY","PC_GDP","A","2019",2.49473,
"USA","EDUEXP","PRY_NTRY","PC_GDP","A","2000",3.686004,
"USA","EDUEXP","PRY_NTRY","PC_GDP","A","2005",3.782468,
"USA","EDUEXP","PRY_NTRY","PC_GDP","A","2008",3.913257,
"USA","EDUEXP","PRY_NTRY","PC_GDP","A","2009",3.942328,
"USA","EDUEXP","PRY_NTRY","PC_GDP","A","2010",3.886283,
"USA","EDUEXP","PRY_NTRY","PC_GDP","A","2011",3.758003,
"USA","EDUEXP","PRY_NTRY","PC_GDP","A","2012",3.608107,
"USA","EDUEXP","PRY_NTRY","PC_GDP","A","2013",3.510422,
"USA","EDUEXP","PRY_NTRY","PC_GDP","A","2014",3.477928,
"USA","EDUEXP","PRY_NTRY","PC_GDP","A","2015",3.493599,
"USA","EDUEXP","PRY_NTRY","PC_GDP","A","2016",3.53436,
"USA","EDUEXP","PRY_NTRY","PC_GDP","A","2017",3.555859,
"USA","EDUEXP","PRY_NTRY","PC_GDP","A","2018",3.511586,
"USA","EDUEXP","PRY_NTRY","PC_GDP","A","2019",3.508584,
"CHL","EDUEXP","TRY","PC_GDP","A","1995",1.454074,
"CHL","EDUEXP","TRY","PC_GDP","A","2000",1.963314,
"CHL","EDUEXP","TRY","PC_GDP","A","2005",1.920538,
"CHL","EDUEXP","TRY","PC_GDP","A","2008",1.864034,
"CHL","EDUEXP","TRY","PC_GDP","A","2009",2.001699,
"CHL","EDUEXP","TRY","PC_GDP","A","2010",2.281821,
"CHL","EDUEXP","TRY","PC_GDP","A","2011",2.377491,
"CHL","EDUEXP","TRY","PC_GDP","A","2012",2.449517,
"CHL","EDUEXP","TRY","PC_GDP","A","2013",2.374134,
"CHL","EDUEXP","TRY","PC_GDP","A","2014",2.326891,
"CHL","EDUEXP","TRY","PC_GDP","A","2015",2.016284,
"CHL","EDUEXP","TRY","PC_GDP","A","2016",2.712612,
"CHL","EDUEXP","TRY","PC_GDP","A","2017",2.585824,
"CHL","EDUEXP","TRY","PC_GDP","A","2018",2.386582,
"CHL","EDUEXP","TRY","PC_GDP","A","2019",2.688338,
"CHL","EDUEXP","PRY_NTRY","PC_GDP","A","1995",2.814717,
"CHL","EDUEXP","PRY_NTRY","PC_GDP","A","2000",4.246163,
"CHL","EDUEXP","PRY_NTRY","PC_GDP","A","2005",3.60883,
"CHL","EDUEXP","PRY_NTRY","PC_GDP","A","2008",3.63184,
"CHL","EDUEXP","PRY_NTRY","PC_GDP","A","2009",3.845229,
"CHL","EDUEXP","PRY_NTRY","PC_GDP","A","2010",3.395561,
"CHL","EDUEXP","PRY_NTRY","PC_GDP","A","2011",3.33592,
"CHL","EDUEXP","PRY_NTRY","PC_GDP","A","2012",3.739451,
"CHL","EDUEXP","PRY_NTRY","PC_GDP","A","2013",3.377829,
"CHL","EDUEXP","PRY_NTRY","PC_GDP","A","2014",3.115183,
"CHL","EDUEXP","PRY_NTRY","PC_GDP","A","2015",3.15916,
"CHL","EDUEXP","PRY_NTRY","PC_GDP","A","2016",3.585634,
"CHL","EDUEXP","PRY_NTRY","PC_GDP","A","2017",3.949754,
"CHL","EDUEXP","PRY_NTRY","PC_GDP","A","2018",4.200717,
"CHL","EDUEXP","PRY_NTRY","PC_GDP","A","2019",3.857364,
"COL","EDUEXP","TRY","PC_GDP","A","2009",1.791145,
"COL","EDUEXP","TRY","PC_GDP","A","2011",1.728819,
"COL","EDUEXP","TRY","PC_GDP","A","2012",1.861403,
"COL","EDUEXP","TRY","PC_GDP","A","2013",1.80348,
"COL","EDUEXP","TRY","PC_GDP","A","2014",1.621882,
"COL","EDUEXP","TRY","PC_GDP","A","2015",1.722126,
"COL","EDUEXP","TRY","PC_GDP","A","2016",2.211281,
"COL","EDUEXP","TRY","PC_GDP","A","2017",1.647492,
"COL","EDUEXP","TRY","PC_GDP","A","2018",1.718866,
"COL","EDUEXP","TRY","PC_GDP","A","2019",1.396162,
"COL","EDUEXP","PRY_NTRY","PC_GDP","A","2009",4.376594,
"COL","EDUEXP","PRY_NTRY","PC_GDP","A","2011",3.937821,
"COL","EDUEXP","PRY_NTRY","PC_GDP","A","2012",3.945737,
"COL","EDUEXP","PRY_NTRY","PC_GDP","A","2013",4.228939,
"COL","EDUEXP","PRY_NTRY","PC_GDP","A","2014",4.041043,
"COL","EDUEXP","PRY_NTRY","PC_GDP","A","2015",4.064158,
"COL","EDUEXP","PRY_NTRY","PC_GDP","A","2016",4.057046,
"COL","EDUEXP","PRY_NTRY","PC_GDP","A","2017",4.034164,
"COL","EDUEXP","PRY_NTRY","PC_GDP","A","2018",4.149689,
"COL","EDUEXP","PRY_NTRY","PC_GDP","A","2019",4.340588,
"EST","EDUEXP","TRY","PC_GDP","A","2005",1.135316,
"EST","EDUEXP","TRY","PC_GDP","A","2008",1.27069,
"EST","EDUEXP","TRY","PC_GDP","A","2009",1.130179,
"EST","EDUEXP","TRY","PC_GDP","A","2010",1.570357,
"EST","EDUEXP","TRY","PC_GDP","A","2011",1.660021,
"EST","EDUEXP","TRY","PC_GDP","A","2012",1.593171,
"EST","EDUEXP","TRY","PC_GDP","A","2013",2.040074,
"EST","EDUEXP","TRY","PC_GDP","A","2014",1.771937,
"EST","EDUEXP","TRY","PC_GDP","A","2015",1.749788,
"EST","EDUEXP","TRY","PC_GDP","A","2016",1.538525,
"EST","EDUEXP","TRY","PC_GDP","A","2017",1.484504,
"EST","EDUEXP","TRY","PC_GDP","A","2018",1.625259,
"EST","EDUEXP","TRY","PC_GDP","A","2019",1.475208,
"EST","EDUEXP","PRY_NTRY","PC_GDP","A","2005",3.414963,
"EST","EDUEXP","PRY_NTRY","PC_GDP","A","2008",3.765535,
"EST","EDUEXP","PRY_NTRY","PC_GDP","A","2009",4.083839,
"EST","EDUEXP","PRY_NTRY","PC_GDP","A","2010",3.803196,
"EST","EDUEXP","PRY_NTRY","PC_GDP","A","2011",3.283125,
"EST","EDUEXP","PRY_NTRY","PC_GDP","A","2012",3.185646,
"EST","EDUEXP","PRY_NTRY","PC_GDP","A","2013",3.160107,
"EST","EDUEXP","PRY_NTRY","PC_GDP","A","2014",2.800662,
"EST","EDUEXP","PRY_NTRY","PC_GDP","A","2015",2.918489,
"EST","EDUEXP","PRY_NTRY","PC_GDP","A","2016",2.895271,
"EST","EDUEXP","PRY_NTRY","PC_GDP","A","2017",2.883713,
"EST","EDUEXP","PRY_NTRY","PC_GDP","A","2018",3.0879,
"EST","EDUEXP","PRY_NTRY","PC_GDP","A","2019",3.193937,
"ISR","EDUEXP","TRY","PC_GDP","A","1995",1.747471,
"ISR","EDUEXP","TRY","PC_GDP","A","2000",1.647776,
"ISR","EDUEXP","TRY","PC_GDP","A","2005",1.585126,
"ISR","EDUEXP","TRY","PC_GDP","A","2008",1.520139,
"ISR","EDUEXP","TRY","PC_GDP","A","2009",1.490947,
"ISR","EDUEXP","TRY","PC_GDP","A","2010",1.538579,
"ISR","EDUEXP","TRY","PC_GDP","A","2011",1.626175,
"ISR","EDUEXP","TRY","PC_GDP","A","2012",1.666337,
"ISR","EDUEXP","TRY","PC_GDP","A","2013",1.661132,
"ISR","EDUEXP","TRY","PC_GDP","A","2014",1.569564,
"ISR","EDUEXP","TRY","PC_GDP","A","2015",1.438585,
"ISR","EDUEXP","TRY","PC_GDP","A","2016",1.465759,
"ISR","EDUEXP","TRY","PC_GDP","A","2017",1.367019,
"ISR","EDUEXP","TRY","PC_GDP","A","2018",1.4389,
"ISR","EDUEXP","TRY","PC_GDP","A","2019",1.442914,
"ISR","EDUEXP","PRY_NTRY","PC_GDP","A","1995",4.675327,
"ISR","EDUEXP","PRY_NTRY","PC_GDP","A","2000",4.219892,
"ISR","EDUEXP","PRY_NTRY","PC_GDP","A","2005",3.741479,
"ISR","EDUEXP","PRY_NTRY","PC_GDP","A","2008",3.918023,
"ISR","EDUEXP","PRY_NTRY","PC_GDP","A","2009",3.784478,
"ISR","EDUEXP","PRY_NTRY","PC_GDP","A","2010",3.953301,
"ISR","EDUEXP","PRY_NTRY","PC_GDP","A","2011",4.176891,
"ISR","EDUEXP","PRY_NTRY","PC_GDP","A","2012",4.529641,
"ISR","EDUEXP","PRY_NTRY","PC_GDP","A","2013",4.473213,
"ISR","EDUEXP","PRY_NTRY","PC_GDP","A","2014",4.476251,
"ISR","EDUEXP","PRY_NTRY","PC_GDP","A","2015",4.4796,
"ISR","EDUEXP","PRY_NTRY","PC_GDP","A","2016",4.535129,
"ISR","EDUEXP","PRY_NTRY","PC_GDP","A","2017",4.687213,
"ISR","EDUEXP","PRY_NTRY","PC_GDP","A","2018",4.812084,
"ISR","EDUEXP","PRY_NTRY","PC_GDP","A","2019",4.785791,
"LVA","EDUEXP","TRY","PC_GDP","A","1995",0.8833061,
"LVA","EDUEXP","TRY","PC_GDP","A","2000",1.224312,
"LVA","EDUEXP","TRY","PC_GDP","A","2005",1.397639,
"LVA","EDUEXP","TRY","PC_GDP","A","2008",1.433901,
"LVA","EDUEXP","TRY","PC_GDP","A","2009",1.219455,
"LVA","EDUEXP","TRY","PC_GDP","A","2010",1.355143,
"LVA","EDUEXP","TRY","PC_GDP","A","2011",1.533379,
"LVA","EDUEXP","TRY","PC_GDP","A","2012",1.367022,
"LVA","EDUEXP","TRY","PC_GDP","A","2013",1.378354,
"LVA","EDUEXP","TRY","PC_GDP","A","2014",1.403662,
"LVA","EDUEXP","TRY","PC_GDP","A","2015",1.491613,
"LVA","EDUEXP","TRY","PC_GDP","A","2016",1.031705,
"LVA","EDUEXP","TRY","PC_GDP","A","2017",1.048972,
"LVA","EDUEXP","TRY","PC_GDP","A","2018",1.194536,
"LVA","EDUEXP","TRY","PC_GDP","A","2019",1.343257,
"LVA","EDUEXP","PRY_NTRY","PC_GDP","A","1995",1.100627,
"LVA","EDUEXP","PRY_NTRY","PC_GDP","A","2000",1.112446,
"LVA","EDUEXP","PRY_NTRY","PC_GDP","A","2005",3.280599,
"LVA","EDUEXP","PRY_NTRY","PC_GDP","A","2008",3.591421,
"LVA","EDUEXP","PRY_NTRY","PC_GDP","A","2009",3.790564,
"LVA","EDUEXP","PRY_NTRY","PC_GDP","A","2010",3.348656,
"LVA","EDUEXP","PRY_NTRY","PC_GDP","A","2011",3.124217,
"LVA","EDUEXP","PRY_NTRY","PC_GDP","A","2012",2.842507,
"LVA","EDUEXP","PRY_NTRY","PC_GDP","A","2013",3.138215,
"LVA","EDUEXP","PRY_NTRY","PC_GDP","A","2014",3.310224,
"LVA","EDUEXP","PRY_NTRY","PC_GDP","A","2015",3.310532,
"LVA","EDUEXP","PRY_NTRY","PC_GDP","A","2016",3.096263,
"LVA","EDUEXP","PRY_NTRY","PC_GDP","A","2017",2.929335,
"LVA","EDUEXP","PRY_NTRY","PC_GDP","A","2018",2.867525,
"LVA","EDUEXP","PRY_NTRY","PC_GDP","A","2019",2.90758,
"SVN","EDUEXP","TRY","PC_GDP","A","2005",1.266172,
"SVN","EDUEXP","TRY","PC_GDP","A","2008",1.113809,
"SVN","EDUEXP","TRY","PC_GDP","A","2009",1.269924,
"SVN","EDUEXP","TRY","PC_GDP","A","2010",1.244256,
"SVN","EDUEXP","TRY","PC_GDP","A","2011",1.286126,
"SVN","EDUEXP","TRY","PC_GDP","A","2012",1.209636,
"SVN","EDUEXP","TRY","PC_GDP","A","2013",1.14881,
"SVN","EDUEXP","TRY","PC_GDP","A","2014",1.104019,
"SVN","EDUEXP","TRY","PC_GDP","A","2015",1.035268,
"SVN","EDUEXP","TRY","PC_GDP","A","2016",1.032997,
"SVN","EDUEXP","TRY","PC_GDP","A","2017",1.034067,
"SVN","EDUEXP","TRY","PC_GDP","A","2018",1.030947,
"SVN","EDUEXP","TRY","PC_GDP","A","2019",1.056218,
"SVN","EDUEXP","PRY_NTRY","PC_GDP","A","2005",4.126616,
"SVN","EDUEXP","PRY_NTRY","PC_GDP","A","2008",3.614989,
"SVN","EDUEXP","PRY_NTRY","PC_GDP","A","2009",3.860303,
"SVN","EDUEXP","PRY_NTRY","PC_GDP","A","2010",3.824754,
"SVN","EDUEXP","PRY_NTRY","PC_GDP","A","2011",3.715335,
"SVN","EDUEXP","PRY_NTRY","PC_GDP","A","2012",3.679341,
"SVN","EDUEXP","PRY_NTRY","PC_GDP","A","2013",3.607057,
"SVN","EDUEXP","PRY_NTRY","PC_GDP","A","2014",3.482838,
"SVN","EDUEXP","PRY_NTRY","PC_GDP","A","2015",3.277011,
"SVN","EDUEXP","PRY_NTRY","PC_GDP","A","2016",3.220751,
"SVN","EDUEXP","PRY_NTRY","PC_GDP","A","2017",3.199108,
"SVN","EDUEXP","PRY_NTRY","PC_GDP","A","2018",3.175282,
"SVN","EDUEXP","PRY_NTRY","PC_GDP","A","2019",3.148831,
"NOR","EDUEXP","TRY","PC_GDP","A","1995",1.926263,
"NOR","EDUEXP","TRY","PC_GDP","A","2000",1.66775,
"NOR","EDUEXP","TRY","PC_GDP","A","2008",1.554615,
"NOR","EDUEXP","TRY","PC_GDP","A","2009",1.660024,
"NOR","EDUEXP","TRY","PC_GDP","A","2010",1.62537,
"NOR","EDUEXP","TRY","PC_GDP","A","2011",1.612012,
"NOR","EDUEXP","TRY","PC_GDP","A","2012",1.580087,
"NOR","EDUEXP","TRY","PC_GDP","A","2013",1.606108,
"NOR","EDUEXP","TRY","PC_GDP","A","2014",1.673015,
"NOR","EDUEXP","TRY","PC_GDP","A","2015",1.743337,
"NOR","EDUEXP","TRY","PC_GDP","A","2016",1.924564,
"NOR","EDUEXP","TRY","PC_GDP","A","2017",1.953116,
"NOR","EDUEXP","TRY","PC_GDP","A","2018",1.960703,
"NOR","EDUEXP","TRY","PC_GDP","A","2019",1.949784,
"NOR","EDUEXP","PRY_NTRY","PC_GDP","A","1995",4.916183,
"NOR","EDUEXP","PRY_NTRY","PC_GDP","A","2000",4.923635,
"NOR","EDUEXP","PRY_NTRY","PC_GDP","A","2005",4.891086,
"NOR","EDUEXP","PRY_NTRY","PC_GDP","A","2008",4.613819,
"NOR","EDUEXP","PRY_NTRY","PC_GDP","A","2009",4.99576,
"NOR","EDUEXP","PRY_NTRY","PC_GDP","A","2010",4.871195,
"NOR","EDUEXP","PRY_NTRY","PC_GDP","A","2011",4.739211,
"NOR","EDUEXP","PRY_NTRY","PC_GDP","A","2012",4.608714,
"NOR","EDUEXP","PRY_NTRY","PC_GDP","A","2013",4.69368,
"NOR","EDUEXP","PRY_NTRY","PC_GDP","A","2014",4.509178,
"NOR","EDUEXP","PRY_NTRY","PC_GDP","A","2015",4.647961,
"NOR","EDUEXP","PRY_NTRY","PC_GDP","A","2016",4.626066,
"NOR","EDUEXP","PRY_NTRY","PC_GDP","A","2017",4.680298,
"NOR","EDUEXP","PRY_NTRY","PC_GDP","A","2018",4.658414,
"NOR","EDUEXP","PRY_NTRY","PC_GDP","A","2019",4.612737,
"CHE","EDUEXP","TRY","PC_GDP","A","2012",1.188925,
"CHE","EDUEXP","PRY_NTRY","PC_GDP","A","2012",3.700386,
"CHE","EDUEXP","PRY_NTRY","PC_GDP","A","2016",1.269915,
"CHE","EDUEXP","PRY_NTRY","PC_GDP","A","2017",1.207076,
"CRI","EDUEXP","TRY","PC_GDP","A","2013",2.308854,
"CRI","EDUEXP","PRY_NTRY","PC_GDP","A","2013",5.507515,
"LTU","EDUEXP","TRY","PC_GDP","A","2005",1.345863,
"LTU","EDUEXP","TRY","PC_GDP","A","2008",1.346351,
"LTU","EDUEXP","TRY","PC_GDP","A","2009",1.518328,
"LTU","EDUEXP","TRY","PC_GDP","A","2010",1.624533,
"LTU","EDUEXP","TRY","PC_GDP","A","2011",1.819551,
"LTU","EDUEXP","TRY","PC_GDP","A","2012",1.737864,
"LTU","EDUEXP","TRY","PC_GDP","A","2013",1.677354,
"LTU","EDUEXP","TRY","PC_GDP","A","2014",1.658773,
"LTU","EDUEXP","TRY","PC_GDP","A","2015",1.505003,
"LTU","EDUEXP","TRY","PC_GDP","A","2016",1.100549,
"LTU","EDUEXP","TRY","PC_GDP","A","2017",1.034123,
"LTU","EDUEXP","TRY","PC_GDP","A","2018",1.078508,
"LTU","EDUEXP","TRY","PC_GDP","A","2019",1.080541,
"LTU","EDUEXP","PRY_NTRY","PC_GDP","A","2010",3.365822,
"LTU","EDUEXP","PRY_NTRY","PC_GDP","A","2011",2.986046,
"LTU","EDUEXP","PRY_NTRY","PC_GDP","A","2012",2.781421,
"LTU","EDUEXP","PRY_NTRY","PC_GDP","A","2013",2.700695,
"LTU","EDUEXP","PRY_NTRY","PC_GDP","A","2014",2.579273,
"LTU","EDUEXP","PRY_NTRY","PC_GDP","A","2015",2.444105,
"LTU","EDUEXP","PRY_NTRY","PC_GDP","A","2016",2.513465,
"LTU","EDUEXP","PRY_NTRY","PC_GDP","A","2017",2.378756,
"LTU","EDUEXP","PRY_NTRY","PC_GDP","A","2018",2.330556,
"LTU","EDUEXP","PRY_NTRY","PC_GDP","A","2019",2.389026,
"AUS","EDUEXP","EARLYCHILDEDU","PC_GDP","A","2000",0.0898819,
"AUS","EDUEXP","EARLYCHILDEDU","PC_GDP","A","2005",0.07218,
"AUS","EDUEXP","EARLYCHILDEDU","PC_GDP","A","2008",0.0862092,
"AUS","EDUEXP","EARLYCHILDEDU","PC_GDP","A","2009",0.1055761,
"AUS","EDUEXP","EARLYCHILDEDU","PC_GDP","A","2010",0.1092711,
"AUS","EDUEXP","EARLYCHILDEDU","PC_GDP","A","2011",0.1520756,
"AUS","EDUEXP","EARLYCHILDEDU","PC_GDP","A","2012",0.4324406,
"AUS","EDUEXP","EARLYCHILDEDU","PC_GDP","A","2013",0.49252,
"AUS","EDUEXP","EARLYCHILDEDU","PC_GDP","A","2014",0.5259347,
"AUS","EDUEXP","EARLYCHILDEDU","PC_GDP","A","2015",0.5726668,
"AUS","EDUEXP","EARLYCHILDEDU","PC_GDP","A","2016",0.5862923,
"AUS","EDUEXP","EARLYCHILDEDU","PC_GDP","A","2017",0.5878911,
"AUS","EDUEXP","EARLYCHILDEDU","PC_GDP","A","2018",0.5671619,
"AUS","EDUEXP","EARLYCHILDEDU","PC_GDP","A","2019",0.6514848,
"AUT","EDUEXP","EARLYCHILDEDU","PC_GDP","A","2012",0.589767,
"AUT","EDUEXP","EARLYCHILDEDU","PC_GDP","A","2013",0.6106751,
"AUT","EDUEXP","EARLYCHILDEDU","PC_GDP","A","2014",0.6282221,
"AUT","EDUEXP","EARLYCHILDEDU","PC_GDP","A","2015",0.650451,
"AUT","EDUEXP","EARLYCHILDEDU","PC_GDP","A","2016",0.6747158,
"AUT","EDUEXP","EARLYCHILDEDU","PC_GDP","A","2017",0.6913503,
"AUT","EDUEXP","EARLYCHILDEDU","PC_GDP","A","2018",0.6861815,
"AUT","EDUEXP","EARLYCHILDEDU","PC_GDP","A","2019",0.7192058,
"CZE","EDUEXP","EARLYCHILDEDU","PC_GDP","A","2012",0.5060061,
"CZE","EDUEXP","EARLYCHILDEDU","PC_GDP","A","2013",0.5327159,
"CZE","EDUEXP","EARLYCHILDEDU","PC_GDP","A","2014",0.5407557,
"CZE","EDUEXP","EARLYCHILDEDU","PC_GDP","A","2015",0.5184615,
"CZE","EDUEXP","EARLYCHILDEDU","PC_GDP","A","2016",0.5071191,
"CZE","EDUEXP","EARLYCHILDEDU","PC_GDP","A","2017",0.5431214,
"CZE","EDUEXP","EARLYCHILDEDU","PC_GDP","A","2018",0.5716407,
"CZE","EDUEXP","EARLYCHILDEDU","PC_GDP","A","2019",0.5997335,
"DNK","EDUEXP","EARLYCHILDEDU","PC_GDP","A","2012",1.349861,
"DNK","EDUEXP","EARLYCHILDEDU","PC_GDP","A","2013",1.315417,
"DNK","EDUEXP","EARLYCHILDEDU","PC_GDP","A","2014",1.258552,
"DNK","EDUEXP","EARLYCHILDEDU","PC_GDP","A","2016",1.269669,
"DNK","EDUEXP","EARLYCHILDEDU","PC_GDP","A","2017",1.264972,
"DNK","EDUEXP","EARLYCHILDEDU","PC_GDP","A","2018",1.252975,
"DNK","EDUEXP","EARLYCHILDEDU","PC_GDP","A","2019",1.281099,
"FIN","EDUEXP","EARLYCHILDEDU","PC_GDP","A","2000",0.9127328,
"FIN","EDUEXP","EARLYCHILDEDU","PC_GDP","A","2005",0.959879,
"FIN","EDUEXP","EARLYCHILDEDU","PC_GDP","A","2008",1.052274,
"FIN","EDUEXP","EARLYCHILDEDU","PC_GDP","A","2009",1.155569,
"FIN","EDUEXP","EARLYCHILDEDU","PC_GDP","A","2010",1.134294,
"FIN","EDUEXP","EARLYCHILDEDU","PC_GDP","A","2011",1.158877,
"FIN","EDUEXP","EARLYCHILDEDU","PC_GDP","A","2012",1.208753,
"FIN","EDUEXP","EARLYCHILDEDU","PC_GDP","A","2013",1.239718,
"FIN","EDUEXP","EARLYCHILDEDU","PC_GDP","A","2014",1.231475,
"FIN","EDUEXP","EARLYCHILDEDU","PC_GDP","A","2015",1.226146,
"FIN","EDUEXP","EARLYCHILDEDU","PC_GDP","A","2016",1.222246,
"FIN","EDUEXP","EARLYCHILDEDU","PC_GDP","A","2017",1.14906,
"FIN","EDUEXP","EARLYCHILDEDU","PC_GDP","A","2018",1.173128,
"FIN","EDUEXP","EARLYCHILDEDU","PC_GDP","A","2019",1.221494,
"FRA","EDUEXP","EARLYCHILDEDU","PC_GDP","A","2000",0.694799,
"FRA","EDUEXP","EARLYCHILDEDU","PC_GDP","A","2005",0.6742186,
"FRA","EDUEXP","EARLYCHILDEDU","PC_GDP","A","2008",0.6747461,
"FRA","EDUEXP","EARLYCHILDEDU","PC_GDP","A","2009",0.7175887,
"FRA","EDUEXP","EARLYCHILDEDU","PC_GDP","A","2010",0.7054271,
"FRA","EDUEXP","EARLYCHILDEDU","PC_GDP","A","2011",0.6932211,
"FRA","EDUEXP","EARLYCHILDEDU","PC_GDP","A","2012",0.6988305,
"FRA","EDUEXP","EARLYCHILDEDU","PC_GDP","A","2013",0.7447422,
"FRA","EDUEXP","EARLYCHILDEDU","PC_GDP","A","2014",0.7492633,
"FRA","EDUEXP","EARLYCHILDEDU","PC_GDP","A","2015",0.7436255,
"FRA","EDUEXP","EARLYCHILDEDU","PC_GDP","A","2016",0.7422445,
"FRA","EDUEXP","EARLYCHILDEDU","PC_GDP","A","2017",0.751832,
"FRA","EDUEXP","EARLYCHILDEDU","PC_GDP","A","2018",0.7359563,
"FRA","EDUEXP","EARLYCHILDEDU","PC_GDP","A","2019",0.7188525,
"DEU","EDUEXP","EARLYCHILDEDU","PC_GDP","A","2005",0.587035,
"DEU","EDUEXP","EARLYCHILDEDU","PC_GDP","A","2008",0.6136236,
"DEU","EDUEXP","EARLYCHILDEDU","PC_GDP","A","2010",0.7602171,
"DEU","EDUEXP","EARLYCHILDEDU","PC_GDP","A","2011",0.7612165,
"DEU","EDUEXP","EARLYCHILDEDU","PC_GDP","A","2012",0.8080708,
"DEU","EDUEXP","EARLYCHILDEDU","PC_GDP","A","2013",0.858577,
"DEU","EDUEXP","EARLYCHILDEDU","PC_GDP","A","2014",0.8794411,
"DEU","EDUEXP","EARLYCHILDEDU","PC_GDP","A","2015",0.8812302,
"DEU","EDUEXP","EARLYCHILDEDU","PC_GDP","A","2016",0.9075374,
"DEU","EDUEXP","EARLYCHILDEDU","PC_GDP","A","2017",0.9270107,
"DEU","EDUEXP","EARLYCHILDEDU","PC_GDP","A","2018",0.967347,
"DEU","EDUEXP","EARLYCHILDEDU","PC_GDP","A","2019",1.015891,
"HUN","EDUEXP","EARLYCHILDEDU","PC_GDP","A","1995",0.8211966,
"HUN","EDUEXP","EARLYCHILDEDU","PC_GDP","A","2000",0.7894896,
"HUN","EDUEXP","EARLYCHILDEDU","PC_GDP","A","2014",0.8520593,
"HUN","EDUEXP","EARLYCHILDEDU","PC_GDP","A","2015",0.847128,
"HUN","EDUEXP","EARLYCHILDEDU","PC_GDP","A","2016",0.8618275,
"HUN","EDUEXP","EARLYCHILDEDU","PC_GDP","A","2017",0.8251445,
"HUN","EDUEXP","EARLYCHILDEDU","PC_GDP","A","2018",0.7846477,
"HUN","EDUEXP","EARLYCHILDEDU","PC_GDP","A","2019",0.7962652,
"ISL","EDUEXP","EARLYCHILDEDU","PC_GDP","A","2012",1.633924,
"ISL","EDUEXP","EARLYCHILDEDU","PC_GDP","A","2013",1.611242,
"ISL","EDUEXP","EARLYCHILDEDU","PC_GDP","A","2014",1.711637,
"ISL","EDUEXP","EARLYCHILDEDU","PC_GDP","A","2015",1.651852,
"ISL","EDUEXP","EARLYCHILDEDU","PC_GDP","A","2016",1.6372,
"ISL","EDUEXP","EARLYCHILDEDU","PC_GDP","A","2017",1.717482,
"ISL","EDUEXP","EARLYCHILDEDU","PC_GDP","A","2018",1.770137,
"ISL","EDUEXP","EARLYCHILDEDU","PC_GDP","A","2019",1.774876,
"IRL","EDUEXP","EARLYCHILDEDU","PC_GDP","A","2013",0.1082207,
"IRL","EDUEXP","EARLYCHILDEDU","PC_GDP","A","2014",0.098908,
"IRL","EDUEXP","EARLYCHILDEDU","PC_GDP","A","2015",0.1328901,
"IRL","EDUEXP","EARLYCHILDEDU","PC_GDP","A","2016",0.1482302,
"IRL","EDUEXP","EARLYCHILDEDU","PC_GDP","A","2017",0.1733899,
"IRL","EDUEXP","EARLYCHILDEDU","PC_GDP","A","2018",0.1857487,
"IRL","EDUEXP","EARLYCHILDEDU","PC_GDP","A","2019",0.1911119,
"ITA","EDUEXP","EARLYCHILDEDU","PC_GDP","A","2013",0.4857513,
"ITA","EDUEXP","EARLYCHILDEDU","PC_GDP","A","2014",0.5289474,
"ITA","EDUEXP","EARLYCHILDEDU","PC_GDP","A","2015",0.5427259,
"ITA","EDUEXP","EARLYCHILDEDU","PC_GDP","A","2016",0.4913342,
"ITA","EDUEXP","EARLYCHILDEDU","PC_GDP","A","2017",0.5278362,
"ITA","EDUEXP","EARLYCHILDEDU","PC_GDP","A","2018",0.5734656,
"ITA","EDUEXP","EARLYCHILDEDU","PC_GDP","A","2019",0.5676951,
"JPN","EDUEXP","EARLYCHILDEDU","PC_GDP","A","2005",0.2014161,
"JPN","EDUEXP","EARLYCHILDEDU","PC_GDP","A","2011",0.2175112,
"JPN","EDUEXP","EARLYCHILDEDU","PC_GDP","A","2012",0.2225122,
"JPN","EDUEXP","EARLYCHILDEDU","PC_GDP","A","2013",0.225578,
"JPN","EDUEXP","EARLYCHILDEDU","PC_GDP","A","2014",0.2287889,
"JPN","EDUEXP","EARLYCHILDEDU","PC_GDP","A","2015",0.2066241,
"JPN","EDUEXP","EARLYCHILDEDU","PC_GDP","A","2016",0.1967198,
"JPN","EDUEXP","EARLYCHILDEDU","PC_GDP","A","2017",0.1931492,
"JPN","EDUEXP","EARLYCHILDEDU","PC_GDP","A","2018",0.1839682,
"JPN","EDUEXP","EARLYCHILDEDU","PC_GDP","A","2019",0.1820465,
"LUX","EDUEXP","EARLYCHILDEDU","PC_GDP","A","2012",0.6189101,
"LUX","EDUEXP","EARLYCHILDEDU","PC_GDP","A","2013",0.5296023,
"LUX","EDUEXP","EARLYCHILDEDU","PC_GDP","A","2014",0.5704498,
"LUX","EDUEXP","EARLYCHILDEDU","PC_GDP","A","2015",0.5693012,
"LUX","EDUEXP","EARLYCHILDEDU","PC_GDP","A","2016",0.4649133,
"LUX","EDUEXP","EARLYCHILDEDU","PC_GDP","A","2017",0.4895207,
"LUX","EDUEXP","EARLYCHILDEDU","PC_GDP","A","2018",0.4969005,
"LUX","EDUEXP","EARLYCHILDEDU","PC_GDP","A","2019",0.54544,
"MEX","EDUEXP","EARLYCHILDEDU","PC_GDP","A","1995",0.386539,
"MEX","EDUEXP","EARLYCHILDEDU","PC_GDP","A","2000",0.4370587,
"MEX","EDUEXP","EARLYCHILDEDU","PC_GDP","A","2005",0.6176309,
"MEX","EDUEXP","EARLYCHILDEDU","PC_GDP","A","2008",0.6824099,
"MEX","EDUEXP","EARLYCHILDEDU","PC_GDP","A","2009",0.6317371,
"MEX","EDUEXP","EARLYCHILDEDU","PC_GDP","A","2010",0.6261121,
"MEX","EDUEXP","EARLYCHILDEDU","PC_GDP","A","2011",0.6279255,
"MEX","EDUEXP","EARLYCHILDEDU","PC_GDP","A","2012",0.6099399,
"MEX","EDUEXP","EARLYCHILDEDU","PC_GDP","A","2013",0.6370547,
"MEX","EDUEXP","EARLYCHILDEDU","PC_GDP","A","2014",0.6162185,
"MEX","EDUEXP","EARLYCHILDEDU","PC_GDP","A","2015",0.6250531,
"MEX","EDUEXP","EARLYCHILDEDU","PC_GDP","A","2016",0.6040791,
"MEX","EDUEXP","EARLYCHILDEDU","PC_GDP","A","2017",0.535936,
"MEX","EDUEXP","EARLYCHILDEDU","PC_GDP","A","2018",0.5345562,
"MEX","EDUEXP","EARLYCHILDEDU","PC_GDP","A","2019",0.5650217,
"NLD","EDUEXP","EARLYCHILDEDU","PC_GDP","A","1995",0.3290504,
"NLD","EDUEXP","EARLYCHILDEDU","PC_GDP","A","2000",0.3267162,
"NLD","EDUEXP","EARLYCHILDEDU","PC_GDP","A","2005",0.3970266,
"NLD","EDUEXP","EARLYCHILDEDU","PC_GDP","A","2008",0.3566982,
"NLD","EDUEXP","EARLYCHILDEDU","PC_GDP","A","2009",0.3798649,
"NLD","EDUEXP","EARLYCHILDEDU","PC_GDP","A","2010",0.3887663,
"NLD","EDUEXP","EARLYCHILDEDU","PC_GDP","A","2011",0.4088481,
"NLD","EDUEXP","EARLYCHILDEDU","PC_GDP","A","2012",0.408443,
"NLD","EDUEXP","EARLYCHILDEDU","PC_GDP","A","2013",0.4170887,
"NLD","EDUEXP","EARLYCHILDEDU","PC_GDP","A","2014",0.4001591,
"NLD","EDUEXP","EARLYCHILDEDU","PC_GDP","A","2015",0.3888057,
"NLD","EDUEXP","EARLYCHILDEDU","PC_GDP","A","2016",0.3858693,
"NLD","EDUEXP","EARLYCHILDEDU","PC_GDP","A","2017",0.3722779,
"NLD","EDUEXP","EARLYCHILDEDU","PC_GDP","A","2018",0.3797501,
"NLD","EDUEXP","EARLYCHILDEDU","PC_GDP","A","2019",0.3872937,
"NOR","EDUEXP","EARLYCHILDEDU","PC_GDP","A","2012",2.085927,
"NOR","EDUEXP","EARLYCHILDEDU","PC_GDP","A","2013",2.098466,
"NOR","EDUEXP","EARLYCHILDEDU","PC_GDP","A","2014",1.967562,
"NOR","EDUEXP","EARLYCHILDEDU","PC_GDP","A","2015",1.960973,
"NOR","EDUEXP","EARLYCHILDEDU","PC_GDP","A","2016",1.9676,
"NOR","EDUEXP","EARLYCHILDEDU","PC_GDP","A","2017",1.971967,
"NOR","EDUEXP","EARLYCHILDEDU","PC_GDP","A","2018",1.950873,
"NOR","EDUEXP","EARLYCHILDEDU","PC_GDP","A","2019",1.950762,
"POL","EDUEXP","EARLYCHILDEDU","PC_GDP","A","1995",0.8002231,
"POL","EDUEXP","EARLYCHILDEDU","PC_GDP","A","2005",0.6094818,
"POL","EDUEXP","EARLYCHILDEDU","PC_GDP","A","2008",0.6597872,
"POL","EDUEXP","EARLYCHILDEDU","PC_GDP","A","2009",0.6298264,
"POL","EDUEXP","EARLYCHILDEDU","PC_GDP","A","2010",0.6431507,
"POL","EDUEXP","EARLYCHILDEDU","PC_GDP","A","2011",0.6937798,
"POL","EDUEXP","EARLYCHILDEDU","PC_GDP","A","2012",0.7309181,
"POL","EDUEXP","EARLYCHILDEDU","PC_GDP","A","2013",0.7750828,
"POL","EDUEXP","EARLYCHILDEDU","PC_GDP","A","2014",0.7858794,
"POL","EDUEXP","EARLYCHILDEDU","PC_GDP","A","2015",0.7410068,
"POL","EDUEXP","EARLYCHILDEDU","PC_GDP","A","2016",0.7748876,
"POL","EDUEXP","EARLYCHILDEDU","PC_GDP","A","2017",0.8255752,
"POL","EDUEXP","EARLYCHILDEDU","PC_GDP","A","2018",0.8555429,
"POL","EDUEXP","EARLYCHILDEDU","PC_GDP","A","2019",0.8704572,
"PRT","EDUEXP","EARLYCHILDEDU","PC_GDP","A","2012",0.6316791,
"PRT","EDUEXP","EARLYCHILDEDU","PC_GDP","A","2013",0.6391606,
"PRT","EDUEXP","EARLYCHILDEDU","PC_GDP","A","2014",0.6464528,
"PRT","EDUEXP","EARLYCHILDEDU","PC_GDP","A","2015",0.6108019,
"SVK","EDUEXP","EARLYCHILDEDU","PC_GDP","A","2012",0.4940519,
"SVK","EDUEXP","EARLYCHILDEDU","PC_GDP","A","2013",0.5123145,
"SVK","EDUEXP","EARLYCHILDEDU","PC_GDP","A","2014",0.5557478,
"SVK","EDUEXP","EARLYCHILDEDU","PC_GDP","A","2015",0.5668946,
"SVK","EDUEXP","EARLYCHILDEDU","PC_GDP","A","2016",0.588596,
"SVK","EDUEXP","EARLYCHILDEDU","PC_GDP","A","2017",0.6031073,
"SVK","EDUEXP","EARLYCHILDEDU","PC_GDP","A","2018",0.6441928,
"SVK","EDUEXP","EARLYCHILDEDU","PC_GDP","A","2019",0.7084851,
"ESP","EDUEXP","EARLYCHILDEDU","PC_GDP","A","2000",0.4374054,
"ESP","EDUEXP","EARLYCHILDEDU","PC_GDP","A","2005",0.6005206,
"ESP","EDUEXP","EARLYCHILDEDU","PC_GDP","A","2008",0.8089065,
"ESP","EDUEXP","EARLYCHILDEDU","PC_GDP","A","2009",0.9021038,
"ESP","EDUEXP","EARLYCHILDEDU","PC_GDP","A","2010",0.9160096,
"ESP","EDUEXP","EARLYCHILDEDU","PC_GDP","A","2011",0.9189246,
"ESP","EDUEXP","EARLYCHILDEDU","PC_GDP","A","2012",0.9016693,
"ESP","EDUEXP","EARLYCHILDEDU","PC_GDP","A","2013",0.828357,
"ESP","EDUEXP","EARLYCHILDEDU","PC_GDP","A","2014",0.8100631,
"ESP","EDUEXP","EARLYCHILDEDU","PC_GDP","A","2015",0.7920841,
"ESP","EDUEXP","EARLYCHILDEDU","PC_GDP","A","2016",0.7672585,
"ESP","EDUEXP","EARLYCHILDEDU","PC_GDP","A","2017",0.7481865,
"ESP","EDUEXP","EARLYCHILDEDU","PC_GDP","A","2018",0.7392167,
"ESP","EDUEXP","EARLYCHILDEDU","PC_GDP","A","2019",0.7402173,
"SWE","EDUEXP","EARLYCHILDEDU","PC_GDP","A","2012",1.757654,
"SWE","EDUEXP","EARLYCHILDEDU","PC_GDP","A","2013",1.92029,
"SWE","EDUEXP","EARLYCHILDEDU","PC_GDP","A","2014",1.920591,
"SWE","EDUEXP","EARLYCHILDEDU","PC_GDP","A","2015",1.895595,
"SWE","EDUEXP","EARLYCHILDEDU","PC_GDP","A","2016",1.92617,
"SWE","EDUEXP","EARLYCHILDEDU","PC_GDP","A","2017",1.824442,
"SWE","EDUEXP","EARLYCHILDEDU","PC_GDP","A","2018",1.831463,
"SWE","EDUEXP","EARLYCHILDEDU","PC_GDP","A","2019",1.805693,
"CHE","EDUEXP","EARLYCHILDEDU","PC_GDP","A","2012",0.1736616,
"GBR","EDUEXP","EARLYCHILDEDU","PC_GDP","A","2012",0.5434025,
"GBR","EDUEXP","EARLYCHILDEDU","PC_GDP","A","2013",0.4940155,
"GBR","EDUEXP","EARLYCHILDEDU","PC_GDP","A","2014",0.4804987,
"GBR","EDUEXP","EARLYCHILDEDU","PC_GDP","A","2015",0.5045273,
"GBR","EDUEXP","EARLYCHILDEDU","PC_GDP","A","2016",0.4653467,
"GBR","EDUEXP","EARLYCHILDEDU","PC_GDP","A","2017",0.4374248,
"GBR","EDUEXP","EARLYCHILDEDU","PC_GDP","A","2018",0.4095867,
"GBR","EDUEXP","EARLYCHILDEDU","PC_GDP","A","2019",0.4044532,
"CHL","EDUEXP","EARLYCHILDEDU","PC_GDP","A","2013",0.8548125,
"CHL","EDUEXP","EARLYCHILDEDU","PC_GDP","A","2014",1.247927,
"CHL","EDUEXP","EARLYCHILDEDU","PC_GDP","A","2015",1.125216,
"CHL","EDUEXP","EARLYCHILDEDU","PC_GDP","A","2016",1.273265,
"CHL","EDUEXP","EARLYCHILDEDU","PC_GDP","A","2017",1.281634,
"CHL","EDUEXP","EARLYCHILDEDU","PC_GDP","A","2018",1.325626,
"CHL","EDUEXP","EARLYCHILDEDU","PC_GDP","A","2019",1.225241,
"COL","EDUEXP","EARLYCHILDEDU","PC_GDP","A","2014",0.4619402,
"COL","EDUEXP","EARLYCHILDEDU","PC_GDP","A","2015",0.5021714,
"COL","EDUEXP","EARLYCHILDEDU","PC_GDP","A","2016",0.5100419,
"COL","EDUEXP","EARLYCHILDEDU","PC_GDP","A","2017",0.4770373,
"COL","EDUEXP","EARLYCHILDEDU","PC_GDP","A","2018",0.4676041,
"COL","EDUEXP","EARLYCHILDEDU","PC_GDP","A","2019",0.4824073,
"CRI","EDUEXP","EARLYCHILDEDU","PC_GDP","A","2013",0.7175131,
"EST","EDUEXP","EARLYCHILDEDU","PC_GDP","A","2012",0.4371769,
"EST","EDUEXP","EARLYCHILDEDU","PC_GDP","A","2013",0.3740987,
"EST","EDUEXP","EARLYCHILDEDU","PC_GDP","A","2014",1.103783,
"EST","EDUEXP","EARLYCHILDEDU","PC_GDP","A","2015",1.168696,
"EST","EDUEXP","EARLYCHILDEDU","PC_GDP","A","2016",1.19302,
"EST","EDUEXP","EARLYCHILDEDU","PC_GDP","A","2017",1.228429,
"EST","EDUEXP","EARLYCHILDEDU","PC_GDP","A","2018",1.237633,
"EST","EDUEXP","EARLYCHILDEDU","PC_GDP","A","2019",1.300899,
"ISR","EDUEXP","EARLYCHILDEDU","PC_GDP","A","2000",0.7010316,
"ISR","EDUEXP","EARLYCHILDEDU","PC_GDP","A","2005",0.7328944,
"ISR","EDUEXP","EARLYCHILDEDU","PC_GDP","A","2008",0.788363,
"ISR","EDUEXP","EARLYCHILDEDU","PC_GDP","A","2010",0.7776669,
"ISR","EDUEXP","EARLYCHILDEDU","PC_GDP","A","2011",0.6957755,
"ISR","EDUEXP","EARLYCHILDEDU","PC_GDP","A","2013",1.144735,
"ISR","EDUEXP","EARLYCHILDEDU","PC_GDP","A","2014",1.119063,
"ISR","EDUEXP","EARLYCHILDEDU","PC_GDP","A","2015",1.154452,
"ISR","EDUEXP","EARLYCHILDEDU","PC_GDP","A","2016",1.195362,
"ISR","EDUEXP","EARLYCHILDEDU","PC_GDP","A","2017",1.289449,
"ISR","EDUEXP","EARLYCHILDEDU","PC_GDP","A","2018",1.297201,
"ISR","EDUEXP","EARLYCHILDEDU","PC_GDP","A","2019",1.259404,
"LVA","EDUEXP","EARLYCHILDEDU","PC_GDP","A","1995",0.4206219,
"LVA","EDUEXP","EARLYCHILDEDU","PC_GDP","A","2000",0.6421939,
"LVA","EDUEXP","EARLYCHILDEDU","PC_GDP","A","2005",0.6040468,
"LVA","EDUEXP","EARLYCHILDEDU","PC_GDP","A","2008",0.8063434,
"LVA","EDUEXP","EARLYCHILDEDU","PC_GDP","A","2009",0.9660547,
"LVA","EDUEXP","EARLYCHILDEDU","PC_GDP","A","2010",0.8653034,
"LVA","EDUEXP","EARLYCHILDEDU","PC_GDP","A","2011",0.8495256,
"LVA","EDUEXP","EARLYCHILDEDU","PC_GDP","A","2012",0.8052021,
"LVA","EDUEXP","EARLYCHILDEDU","PC_GDP","A","2013",0.8422923,
"LVA","EDUEXP","EARLYCHILDEDU","PC_GDP","A","2014",0.871684,
"LVA","EDUEXP","EARLYCHILDEDU","PC_GDP","A","2015",0.8174317,
"LVA","EDUEXP","EARLYCHILDEDU","PC_GDP","A","2016",0.8112769,
"LVA","EDUEXP","EARLYCHILDEDU","PC_GDP","A","2017",0.8493565,
"LVA","EDUEXP","EARLYCHILDEDU","PC_GDP","A","2018",0.7962183,
"LTU","EDUEXP","EARLYCHILDEDU","PC_GDP","A","2008",0.5844048,
"LTU","EDUEXP","EARLYCHILDEDU","PC_GDP","A","2009",0.8275825,
"LTU","EDUEXP","EARLYCHILDEDU","PC_GDP","A","2010",0.790584,
"LTU","EDUEXP","EARLYCHILDEDU","PC_GDP","A","2011",0.7955189,
"LTU","EDUEXP","EARLYCHILDEDU","PC_GDP","A","2012",0.726255,
"LTU","EDUEXP","EARLYCHILDEDU","PC_GDP","A","2013",0.7355091,
"LTU","EDUEXP","EARLYCHILDEDU","PC_GDP","A","2014",0.7548964,
"LTU","EDUEXP","EARLYCHILDEDU","PC_GDP","A","2015",0.8116383,
"LTU","EDUEXP","EARLYCHILDEDU","PC_GDP","A","2016",0.892284,
"LTU","EDUEXP","EARLYCHILDEDU","PC_GDP","A","2017",0.8883465,
"LTU","EDUEXP","EARLYCHILDEDU","PC_GDP","A","2018",1.003302,
"LTU","EDUEXP","EARLYCHILDEDU","PC_GDP","A","2019",1.025903,
"SVN","EDUEXP","EARLYCHILDEDU","PC_GDP","A","2012",1.251021,
"SVN","EDUEXP","EARLYCHILDEDU","PC_GDP","A","2013",1.25621,
"SVN","EDUEXP","EARLYCHILDEDU","PC_GDP","A","2014",1.275133,
"SVN","EDUEXP","EARLYCHILDEDU","PC_GDP","A","2015",1.126183,
"SVN","EDUEXP","EARLYCHILDEDU","PC_GDP","A","2016",1.079824,
"SVN","EDUEXP","EARLYCHILDEDU","PC_GDP","A","2017",1.063929,
"SVN","EDUEXP","EARLYCHILDEDU","PC_GDP","A","2018",1.047142,
"SVN","EDUEXP","EARLYCHILDEDU","PC_GDP","A","2019",1.040105,
